{
	"credit": "Made with Blockbench",
	"parent": "block/block",
	"textures": {
		"particle": "#cube"
	},
	"elements": [
		{
			"name": "cube_top",
			"from": [0, 14.5, 0],
			"to": [16, 14.5, 16],
			"rotation": {"angle": 0, "axis": "y", "origin": [0, 1, 0]},
			"faces": {
				"up": {"uv": [0, 0, 16, 16], "texture": "#cube", "tintindex": 0}
			}
		},
		{
			"name": "cube_north",
			"from": [-0.75, -0.75, 1.4],
			"to": [16.75, 16.75, 1.4],
			"faces": {
				"north": {"uv": [0, 0, 16, 16], "texture": "#cube", "tintindex": 0}
			}
		},
		{
			"name": "cube_west",
			"from": [1.3, -1.5, -0.4],
			"to": [1.3, 16, 17.1],
			"rotation": {"angle": 0, "axis": "x", "origin": [1.3, 8.25, 8.35]},
			"faces": {
				"west": {"uv": [16, 0, 0, 16], "texture": "#cube", "tintindex": 0}
			}
		},
		{
			"name": "cube_south",
			"from": [-0.75, -0.5, 14.8],
			"to": [16.75, 17, 14.8],
			"rotation": {"angle": 0, "axis": "z", "origin": [8, 7.75, 14.8]},
			"faces": {
				"south": {"uv": [0, 0, 16, 16], "texture": "#cube", "tintindex": 0}
			}
		},
		{
			"name": "cube_east",
			"from": [14.1, -1.25, -0.7],
			"to": [14.1, 16.25, 16.8],
			"rotation": {"angle": 0, "axis": "x", "origin": [14.1, 7.5, 8.05]},
			"faces": {
				"east": {"uv": [16, 0, 0, 16], "texture": "#cube", "tintindex": 0}
			}
		},
		{
			"name": "cube_bottom",
			"from": [0, 2, 0],
			"to": [16, 2, 16],
			"faces": {
				"down": {"uv": [0, 0, 16, 16], "rotation": 180, "texture": "#cube", "tintindex": 0}
			}
		},
		{
			"name": "ns",
			"from": [5.6, -3.6, -1.9],
			"to": [5.6, 16.4, 18.1],
			"rotation": {"angle": 22.5, "axis": "x", "origin": [5.6, 6.4, 8]},
			"faces": {
				"east": {"uv": [0, 0, 16, 16], "texture": "#inside", "tintindex": 0},
				"west": {"uv": [0, 0, 16, 16], "rotation": 180, "texture": "#inside", "tintindex": 0}
			}
		},
		{
			"name": "we",
			"from": [-1.9, -3.6, 6.8],
			"to": [18.1, 16.4, 6.8],
			"rotation": {"angle": 22.5, "axis": "z", "origin": [8, 6.3, 6.8]},
			"faces": {
				"north": {"uv": [0, 0, 16, 16], "rotation": 90, "texture": "#inside", "tintindex": 0},
				"south": {"uv": [0, 0, 16, 16], "rotation": 270, "texture": "#inside", "tintindex": 0}
			}
		}
	]
}