{
    "parent": "block/block",
    "elements": [
        {   "from": [  0,  0,  0 ],
            "to":   [ 16, 16, 16 ],
            "faces": {
                "down":  { "texture": "#side", "cullface": "down" , "rotation": 180 },
                "up":    { "texture": "#side", "cullface": "up"    },
                "north": { "texture": "#top",  "cullface": "north" },
                "south": { "texture": "#top",  "cullface": "south" },
                "west":  { "texture": "#side", "cullface": "west" , "rotation": 270 },
                "east":  { "texture": "#side", "cullface": "east" , "rotation": 90  }
            }
        }
    ],
    "textures": { "particle": "#side" }
}
