{
	"credit": "Made with Blockbench",
	"textures": {
		"outline": "block/05mirror_outline",
		"all": "block/05mirror_display",
		"particle": "block/red_nether_bricks"
	},
	"elements": [
		{
			"from": [1, 1, 1],
			"to": [15, 8, 15],
			"rotation": {"angle": 0, "axis": "y", "origin": [1, 1, 1]},
			"faces": {
				"north": {"uv": [0, 8, 16, 16], "texture": "#all"},
				"east": {"uv": [0, 8, 16, 16], "texture": "#all"},
				"south": {"uv": [0, 0, 16, 16], "texture": "#all"},
				"west": {"uv": [0, 8, 16, 16], "texture": "#all"},
				"up": {"uv": [0, 0, 16, 16], "texture": "#all"},
				"down": {"uv": [0, 8, 16, 16], "texture": "#all"}
			}
		},
		{
			"name": "outline",
			"from": [16, 9, 16],
			"to": [0, 0, 0],
			"rotation": {"angle": 0, "axis": "y", "origin": [16, 32, 16]},
			"faces": {
				"north": {"uv": [0, 8, 16, 16], "texture": "#outline"},
				"east": {"uv": [0, 8, 16, 16], "texture": "#outline"},
				"south": {"uv": [0, 8, 16, 16], "texture": "#outline"},
				"west": {"uv": [0, 8, 16, 16], "texture": "#outline"},
				"up": {"uv": [0, 0, 16, 16], "rotation": 180, "texture": "#outline"},
				"down": {"uv": [0, 0, 16, 16], "texture": "#outline"}
			}
		}
	],
	"display": {
		"thirdperson_righthand": {
			"rotation": [75, 45, 0],
			"translation": [0, 2.5, 0],
			"scale": [0.375, 0.375, 0.375]
		},
		"firstperson_righthand": {
			"rotation": [0, 45, 0],
			"scale": [0.4, 0.4, 0.4]
		},
		"firstperson_lefthand": {
			"rotation": [0, 225, 0],
			"scale": [0.4, 0.4, 0.4]
		},
		"ground": {
			"translation": [0, 3, 0],
			"scale": [0.25, 0.25, 0.25]
		},
		"gui": {
			"rotation": [30, 225, 0],
			"scale": [0.625, 0.625, 0.625]
		},
		"fixed": {
			"scale": [0.5, 0.5, 0.5]
		}
	}
}