{
	"credit": "Made with Blockbench",
	"textures": {
		"outline": "block/05mirror_outline",
		"all": "block/05mirror_display",
		"particle": "block/red_nether_bricks"
	},
	"elements": [
		{
			"name": "Center post",
			"from": [4, 0.99, 4],
			"to": [12, 15, 12],
			"faces": {
				"north": {"uv": [4, 0, 12, 16], "texture": "#all"},
				"east": {"uv": [4, 0, 12, 16], "texture": "#all"},
				"south": {"uv": [4, 0, 12, 16], "texture": "#all"},
				"west": {"uv": [4, 0, 12, 16], "texture": "#all"},
				"up": {"uv": [4, 4, 12, 12], "texture": "#all"},
				"down": {"uv": [4, 4, 12, 12], "texture": "#all", "cullface": "down"}
			}
		},
		{
			"name": "Full wall",
			"from": [5, 1, 0],
			"to": [11, 12, 16],
			"faces": {
				"north": {"uv": [5, 3, 11, 16], "texture": "#all", "cullface": "north"},
				"east": {"uv": [0, 3, 16, 16], "texture": "#all"},
				"south": {"uv": [5, 3, 11, 16], "texture": "#all", "cullface": "south"},
				"west": {"uv": [0, 3, 16, 16], "texture": "#all"},
				"up": {"uv": [5, 0, 11, 16], "texture": "#all"},
				"down": {"uv": [5, 0, 11, 16], "texture": "#all", "cullface": "down"}
			}
		},
		{
			"name": "outline",
			"from": [13, 16.01, 13],
			"to": [3, 0.02, 3],
			"rotation": {"angle": 0, "axis": "y", "origin": [8, 40, 8]},
			"faces": {
				"east": {"uv": [3, 0, 13, 16], "texture": "#outline"},
				"west": {"uv": [3, 0, 13, 16], "texture": "#outline"},
				"up": {"uv": [3, 3, 13, 13], "rotation": 180, "texture": "#outline"},
				"down": {"uv": [3, 3, 13, 13], "texture": "#outline"}
			}
		},
		{
			"name": "outline",
			"from": [13, 16, 13],
			"to": [3, 13, 3],
			"rotation": {"angle": 0, "axis": "y", "origin": [8, 14.5, 8]},
			"faces": {
				"north": {"uv": [0, 0, 16, 3], "texture": "#outline"},
				"south": {"uv": [0, 0, 16, 3], "texture": "#outline"}
			}
		},
		{
			"name": "outline",
			"from": [12, 13, 17],
			"to": [4, 0, -1],
			"rotation": {"angle": 0, "axis": "y", "origin": [8, 6.5, 8]},
			"faces": {
				"north": {"uv": [4, 3, 12, 16], "texture": "#outline"},
				"east": {"uv": [0, 3, 16, 16], "texture": "#outline"},
				"south": {"uv": [4, 3, 12, 16], "texture": "#outline"},
				"west": {"uv": [0, 3, 16, 16], "texture": "#outline"},
				"up": {"uv": [4, 0, 12, 16], "rotation": 180, "texture": "#outline"},
				"down": {"uv": [4, 0, 12, 16], "texture": "#outline"}
			}
		}
	],
	"display": {
		"thirdperson_righthand": {
			"rotation": [75, 45, 0],
			"translation": [0, 2.5, 0],
			"scale": [0.375, 0.375, 0.375]
		},
		"firstperson_righthand": {
			"rotation": [0, 45, 0],
			"scale": [0.4, 0.4, 0.4]
		},
		"firstperson_lefthand": {
			"rotation": [0, 225, 0],
			"scale": [0.4, 0.4, 0.4]
		},
		"ground": {
			"translation": [0, 3, 0],
			"scale": [0.25, 0.25, 0.25]
		},
		"gui": {
			"rotation": [30, 135, 0],
			"scale": [0.625, 0.625, 0.625]
		},
		"fixed": {
			"rotation": [0, 90, 0],
			"scale": [0.5, 0.5, 0.5]
		}
	}
}