{
	"credit": "Made with Blockbench",
	"parent": "block/block",
	"textures": {
		"particle": "#lantern"
	},
	"elements": [
		{
			"name": "chain_7",
			"from": [7.5, 14, 6.5],
			"to": [8.5, 16, 9.5],
			"rotation": {"angle": 45, "axis": "y", "origin": [8, 16, 8]},
			"faces": {
				"north": {"uv": [7, 11, 8, 13], "texture": "#chain"},
				"east": {"uv": [3, 11, 6, 13], "texture": "#chain"},
				"south": {"uv": [1, 11, 2, 13], "texture": "#chain"},
				"west": {"uv": [6, 11, 3, 13], "texture": "#chain"},
				"up": {"uv": [7, 1, 10, 2], "rotation": 90, "texture": "#chain", "cullface": "up"},
				"down": {"uv": [3, 7, 6, 8], "rotation": 270, "texture": "#chain"}
			}
		},
		{
			"name": "inside_7",
			"from": [8.5, 16, 8.5],
			"to": [7.5, 15, 7.5],
			"rotation": {"angle": 45, "axis": "y", "origin": [8, 15.5, 8]},
			"faces": {
				"north": {"uv": [10, 11, 11, 12], "texture": "#chain"},
				"south": {"uv": [14, 11, 15, 12], "texture": "#chain"},
				"up": {"uv": [12, 12, 13, 13], "rotation": 90, "texture": "#chain"}
			}
		},
		{
			"name": "inside_4",
			"from": [8.5, 14, 8.5],
			"to": [7.5, 12, 7.5],
			"rotation": {"angle": 45, "axis": "y", "origin": [8, 16.5, 8]},
			"faces": {
				"east": {"uv": [10, 10, 11, 12], "texture": "#chain"},
				"west": {"uv": [14, 10, 15, 12], "texture": "#chain"}
			}
		},
		{
			"name": "chain_4",
			"from": [6.5, 11, 7.5],
			"to": [9.5, 15.01, 8.5],
			"rotation": {"angle": 45, "axis": "y", "origin": [8, 13, 8]},
			"faces": {
				"north": {"uv": [6, 9, 3, 13], "texture": "#chain"},
				"east": {"uv": [7, 9, 8, 13], "texture": "#chain"},
				"south": {"uv": [3, 9, 6, 13], "texture": "#chain"},
				"west": {"uv": [1, 9, 2, 13], "texture": "#chain"},
				"up": {"uv": [3, 1, 6, 2], "rotation": 180, "texture": "#chain"},
				"down": {"uv": [3, 7, 6, 8], "rotation": 180, "texture": "#chain"}
			}
		},
		{
			"name": "inside_1",
			"from": [8.5, 11, 8.5],
			"to": [7.5, 10, 7.5],
			"rotation": {"angle": 45, "axis": "y", "origin": [8, 10.5, 8]},
			"faces": {
				"north": {"uv": [10, 11, 11, 12], "texture": "#chain"},
				"south": {"uv": [14, 11, 15, 12], "texture": "#chain"},
				"down": {"uv": [12, 9, 13, 10], "rotation": 270, "texture": "#chain"}
			}
		},
		{
			"name": "chain_1",
			"from": [7.5, 10, 6.5],
			"to": [8.5, 12, 9.5],
			"rotation": {"angle": 45, "axis": "y", "origin": [8, 12, 8]},
			"faces": {
				"north": {"uv": [7, 9, 8, 11], "texture": "#chain"},
				"east": {"uv": [3, 9, 6, 11], "texture": "#chain"},
				"south": {"uv": [1, 9, 2, 11], "texture": "#chain"},
				"west": {"uv": [6, 9, 3, 11], "texture": "#chain"},
				"up": {"uv": [3, 1, 6, 2], "rotation": 90, "texture": "#chain"}
			}
		},
		{
			"name": "lantern_2",
			"from": [6, 8, 6],
			"to": [10, 10, 10],
			"faces": {
				"north": {"uv": [1, 0, 5, 2], "texture": "#lantern"},
				"east": {"uv": [1, 0, 5, 2], "texture": "#lantern"},
				"south": {"uv": [1, 0, 5, 2], "texture": "#lantern"},
				"west": {"uv": [1, 0, 5, 2], "texture": "#lantern"},
				"up": {"uv": [1, 10, 5, 14], "texture": "#lantern"},
				"down": {"uv": [1, 10, 5, 14], "texture": "#lantern"}
			}
		},
		{
			"name": "lantern_1",
			"from": [5, 1, 5],
			"to": [11, 8, 11],
			"faces": {
				"north": {"uv": [0, 2, 6, 9], "texture": "#lantern"},
				"east": {"uv": [0, 2, 6, 9], "texture": "#lantern"},
				"south": {"uv": [0, 2, 6, 9], "texture": "#lantern"},
				"west": {"uv": [0, 2, 6, 9], "texture": "#lantern"},
				"up": {"uv": [0, 9, 6, 15], "texture": "#lantern"},
				"down": {"uv": [0, 9, 6, 15], "texture": "#lantern"}
			}
		}
	]
}