{
	"credit": "Made with Blockbench",
	"ambientocclusion": false,
	"textures": {
		"1": "block/05m_potatoes",
		"particle": "block/carrots_stage3",
		"crop": "block/carrots_stage3"
	},
	"elements": [
		{
			"from": [10.9, -1, 1.9],
			"to": [14.1, 0.6, 5.1],
			"rotation": {"angle": 0, "axis": "y", "origin": [12.5, -0.2, 3.5]},
			"faces": {
				"north": {"uv": [6, 13, 10, 15], "texture": "#1"},
				"east": {"uv": [11, 13, 15, 15], "texture": "#1"},
				"south": {"uv": [6, 13, 10, 15], "texture": "#1"},
				"west": {"uv": [1, 13, 5, 15], "texture": "#1"},
				"up": {"uv": [11, 8, 15, 12], "texture": "#1"}
			}
		},
		{
			"from": [1.9, -1, 1.9],
			"to": [5.1, 0.6, 5.1],
			"rotation": {"angle": 0, "axis": "y", "origin": [3.5, -0.2, 3.5]},
			"faces": {
				"north": {"uv": [1, 13, 5, 15], "texture": "#1"},
				"east": {"uv": [6, 13, 10, 15], "texture": "#1"},
				"south": {"uv": [11, 13, 15, 15], "texture": "#1"},
				"west": {"uv": [6, 13, 10, 15], "texture": "#1"},
				"up": {"uv": [11, 8, 15, 12], "rotation": 90, "texture": "#1"}
			}
		},
		{
			"from": [10.9, -1, 10.9],
			"to": [14.1, 0.6, 14.1],
			"rotation": {"angle": 0, "axis": "y", "origin": [12.5, -0.2, 12.5]},
			"faces": {
				"north": {"uv": [11, 13, 15, 15], "texture": "#1"},
				"east": {"uv": [6, 13, 10, 15], "texture": "#1"},
				"south": {"uv": [1, 13, 5, 15], "texture": "#1"},
				"west": {"uv": [6, 13, 10, 15], "texture": "#1"},
				"up": {"uv": [11, 8, 15, 12], "rotation": 270, "texture": "#1"}
			}
		},
		{
			"from": [1.9, -1, 10.9],
			"to": [5.1, 0.6, 14.1],
			"rotation": {"angle": -22.5, "axis": "y", "origin": [3.5, -0.2, 12.5]},
			"faces": {
				"north": {"uv": [6, 13, 10, 15], "texture": "#1"},
				"east": {"uv": [1, 13, 5, 15], "texture": "#1"},
				"south": {"uv": [6, 13, 10, 15], "texture": "#1"},
				"west": {"uv": [11, 13, 15, 15], "texture": "#1"},
				"up": {"uv": [11, 8, 15, 12], "rotation": 180, "texture": "#1"}
			}
		},
		{
			"from": [6, -1, 2],
			"to": [10, 1, 6],
			"rotation": {"angle": 22.5, "axis": "y", "origin": [8, 0, 4]},
			"faces": {
				"north": {"uv": [6, 13, 10, 15], "texture": "#1"},
				"east": {"uv": [11, 13, 15, 15], "texture": "#1"},
				"south": {"uv": [6, 13, 10, 15], "texture": "#1"},
				"west": {"uv": [1, 13, 5, 15], "texture": "#1"},
				"up": {"uv": [11, 8, 15, 12], "texture": "#1"}
			}
		},
		{
			"from": [6, -1, 10],
			"to": [10, 1, 14],
			"rotation": {"angle": 0, "axis": "y", "origin": [8, 0, 12]},
			"faces": {
				"north": {"uv": [6, 13, 10, 15], "texture": "#1"},
				"east": {"uv": [1, 13, 5, 15], "texture": "#1"},
				"south": {"uv": [6, 13, 10, 15], "texture": "#1"},
				"west": {"uv": [11, 13, 15, 15], "texture": "#1"},
				"up": {"uv": [11, 8, 15, 12], "rotation": 180, "texture": "#1"}
			}
		},
		{
			"from": [10, -1, 6],
			"to": [14, 1, 10],
			"rotation": {"angle": -22.5, "axis": "y", "origin": [12, 0, 8]},
			"faces": {
				"north": {"uv": [1, 13, 5, 15], "texture": "#1"},
				"east": {"uv": [6, 13, 10, 15], "texture": "#1"},
				"south": {"uv": [11, 13, 15, 15], "texture": "#1"},
				"west": {"uv": [6, 13, 10, 15], "texture": "#1"},
				"up": {"uv": [11, 8, 15, 12], "rotation": 90, "texture": "#1"}
			}
		},
		{
			"from": [2, -1, 6],
			"to": [6, 1, 10],
			"rotation": {"angle": 45, "axis": "y", "origin": [4, 0, 8]},
			"faces": {
				"north": {"uv": [11, 13, 15, 15], "texture": "#1"},
				"east": {"uv": [6, 13, 10, 15], "texture": "#1"},
				"south": {"uv": [1, 13, 5, 15], "texture": "#1"},
				"west": {"uv": [6, 13, 10, 15], "texture": "#1"},
				"up": {"uv": [11, 8, 15, 12], "rotation": 270, "texture": "#1"}
			}
		},
		{
			"from": [4, 0, 0],
			"to": [4, 15, 16],
			"shade": false,
			"faces": {
				"east": {"uv": [16, 0, 0, 15], "texture": "#crop"},
				"west": {"uv": [0, 0, 16, 15], "texture": "#crop"}
			}
		},
		{
			"from": [12, 0, 0],
			"to": [12, 15, 16],
			"shade": false,
			"faces": {
				"east": {"uv": [0, 0, 16, 15], "texture": "#crop"},
				"west": {"uv": [16, 0, 0, 15], "texture": "#crop"}
			}
		},
		{
			"from": [0, 0, 4],
			"to": [16, 15, 4],
			"shade": false,
			"faces": {
				"north": {"uv": [0, 0, 16, 15], "texture": "#crop"},
				"south": {"uv": [16, 0, 0, 15], "texture": "#crop"}
			}
		},
		{
			"from": [0, 0, 12],
			"to": [16, 15, 12],
			"shade": false,
			"faces": {
				"north": {"uv": [16, 0, 0, 15], "texture": "#crop"},
				"south": {"uv": [0, 0, 16, 15], "texture": "#crop"}
			}
		}
	],
	"groups": [
		{
			"name": "group",
			"origin": [8, 0, 4],
			"color": 0,
			"children": [0, 1, 2, 3, 4, 5, 6, 7]
		},
		8,
		9,
		10,
		11
	]
}