{
	"credit": "Made with Blockbench",
	"textures": {
		"1": "block/05m_sugar_cane",
		"particle": "block/sugar_cane"
	},
	"elements": [
		{
			"from": [6, 0, 9],
			"to": [10, 16, 9],
			"rotation": {"angle": -45, "axis": "y", "origin": [8, 8, 8]},
			"faces": {
				"south": {"uv": [4, 0, 0, 16], "texture": "#1", "tintindex": 0}
			}
		},
		{
			"from": [6, 0, 7],
			"to": [10, 16, 7],
			"rotation": {"angle": -45, "axis": "y", "origin": [8, 8, 8]},
			"faces": {
				"north": {"uv": [4, 0, 0, 16], "texture": "#1", "tintindex": 0}
			}
		},
		{
			"from": [7, 0, 6],
			"to": [7, 16, 10],
			"rotation": {"angle": -45, "axis": "y", "origin": [8, 8, 8]},
			"faces": {
				"west": {"uv": [0, 0, 4, 16], "texture": "#1", "tintindex": 0}
			}
		},
		{
			"from": [9, 0, 6],
			"to": [9, 16, 10],
			"rotation": {"angle": -45, "axis": "y", "origin": [8, 8, 8]},
			"faces": {
				"east": {"uv": [0, 0, 4, 16], "texture": "#1", "tintindex": 0}
			}
		},
		{
			"from": [1, 0, 12],
			"to": [5, 16, 12],
			"rotation": {"angle": -22.5, "axis": "y", "origin": [3, 8, 11]},
			"faces": {
				"south": {"uv": [16, 0, 12, 16], "texture": "#particle", "tintindex": 0}
			}
		},
		{
			"from": [1, 0, 10],
			"to": [5, 16, 10],
			"rotation": {"angle": -22.5, "axis": "y", "origin": [3, 8, 11]},
			"faces": {
				"north": {"uv": [16, 0, 12, 16], "texture": "#particle", "tintindex": 0}
			}
		},
		{
			"from": [2, 0, 9],
			"to": [2, 16, 13],
			"rotation": {"angle": -22.5, "axis": "y", "origin": [3, 8, 11]},
			"faces": {
				"west": {"uv": [12, 0, 16, 16], "texture": "#particle", "tintindex": 0}
			}
		},
		{
			"from": [4, 0, 9],
			"to": [4, 16, 13],
			"rotation": {"angle": -22.5, "axis": "y", "origin": [3, 8, 11]},
			"faces": {
				"east": {"uv": [12, 0, 16, 16], "texture": "#particle", "tintindex": 0}
			}
		},
		{
			"from": [9, 0, 14],
			"to": [13, 16, 14],
			"rotation": {"angle": 22.5, "axis": "y", "origin": [11, 8, 13]},
			"faces": {
				"south": {"uv": [12, 0, 8, 16], "texture": "#particle", "tintindex": 0}
			}
		},
		{
			"from": [9, 0, 12],
			"to": [13, 16, 12],
			"rotation": {"angle": 22.5, "axis": "y", "origin": [11, 8, 13]},
			"faces": {
				"north": {"uv": [12, 0, 8, 16], "texture": "#particle", "tintindex": 0}
			}
		},
		{
			"from": [10, 0, 11],
			"to": [10, 16, 15],
			"rotation": {"angle": 22.5, "axis": "y", "origin": [11, 8, 13]},
			"faces": {
				"west": {"uv": [8, 0, 12, 16], "texture": "#particle", "tintindex": 0}
			}
		},
		{
			"from": [12, 0, 11],
			"to": [12, 16, 15],
			"rotation": {"angle": 22.5, "axis": "y", "origin": [11, 8, 13]},
			"faces": {
				"east": {"uv": [8, 0, 12, 16], "texture": "#particle", "tintindex": 0}
			}
		},
		{
			"from": [11, 0, 6],
			"to": [15, 16, 6],
			"rotation": {"angle": -22.5, "axis": "y", "origin": [13, 8, 5]},
			"faces": {
				"south": {"uv": [8, 0, 4, 16], "texture": "#particle", "tintindex": 0}
			}
		},
		{
			"from": [11, 0, 4],
			"to": [15, 16, 4],
			"rotation": {"angle": -22.5, "axis": "y", "origin": [13, 8, 5]},
			"faces": {
				"north": {"uv": [8, 0, 4, 16], "texture": "#particle", "tintindex": 0}
			}
		},
		{
			"from": [12, 0, 3],
			"to": [12, 16, 7],
			"rotation": {"angle": -22.5, "axis": "y", "origin": [13, 8, 5]},
			"faces": {
				"west": {"uv": [4, 0, 8, 16], "texture": "#particle", "tintindex": 0}
			}
		},
		{
			"from": [14, 0, 3],
			"to": [14, 16, 7],
			"rotation": {"angle": -22.5, "axis": "y", "origin": [13, 8, 5]},
			"faces": {
				"east": {"uv": [4, 0, 8, 16], "texture": "#particle", "tintindex": 0}
			}
		},
		{
			"from": [3, 0, 4],
			"to": [7, 16, 4],
			"rotation": {"angle": 22.5, "axis": "y", "origin": [5, 8, 3]},
			"faces": {
				"south": {"uv": [4, 0, 0, 16], "texture": "#particle", "tintindex": 0}
			}
		},
		{
			"from": [3, 0, 2],
			"to": [7, 16, 2],
			"rotation": {"angle": 22.5, "axis": "y", "origin": [5, 8, 3]},
			"faces": {
				"north": {"uv": [4, 0, 0, 16], "texture": "#particle", "tintindex": 0}
			}
		},
		{
			"from": [4, 0, 1],
			"to": [4, 16, 5],
			"rotation": {"angle": 22.5, "axis": "y", "origin": [5, 8, 3]},
			"faces": {
				"west": {"uv": [0, 0, 4, 16], "texture": "#particle", "tintindex": 0}
			}
		},
		{
			"from": [6, 0, 1],
			"to": [6, 16, 5],
			"rotation": {"angle": 22.5, "axis": "y", "origin": [5, 8, 3]},
			"faces": {
				"east": {"uv": [0, 0, 4, 16], "texture": "#particle", "tintindex": 0}
			}
		},
		{
			"from": [12, 0, 4],
			"to": [14, 0, 6],
			"rotation": {"angle": -22.5, "axis": "y", "origin": [13, 0, 5]},
			"faces": {
				"down": {"uv": [5, 1, 7, 3], "rotation": 180, "texture": "#1", "cullface": "down"}
			}
		},
		{
			"from": [2, 0, 10],
			"to": [4, 0, 12],
			"rotation": {"angle": -22.5, "axis": "y", "origin": [3, 0, 11]},
			"faces": {
				"down": {"uv": [5, 1, 7, 3], "texture": "#1", "cullface": "down"}
			}
		},
		{
			"from": [4, 0, 2],
			"to": [6, 0, 4],
			"rotation": {"angle": 22.5, "axis": "y", "origin": [5, 0, 3]},
			"faces": {
				"down": {"uv": [5, 1, 7, 3], "rotation": 90, "texture": "#1", "cullface": "down"}
			}
		},
		{
			"from": [10, 0, 12],
			"to": [12, 0, 14],
			"rotation": {"angle": 22.5, "axis": "y", "origin": [11, 0, 13]},
			"faces": {
				"down": {"uv": [5, 1, 7, 3], "rotation": 270, "texture": "#1", "cullface": "down"}
			}
		},
		{
			"from": [7, 0, 7],
			"to": [9, 0, 9],
			"rotation": {"angle": 45, "axis": "y", "origin": [8, 0, 8]},
			"faces": {
				"down": {"uv": [5, 1, 7, 3], "texture": "#1", "cullface": "down"}
			}
		},
		{
			"from": [4, 16, 2],
			"to": [6, 16, 4],
			"rotation": {"angle": 22.5, "axis": "y", "origin": [5, 16, 3]},
			"faces": {
				"up": {"uv": [5, 1, 7, 3], "rotation": 180, "texture": "#1", "cullface": "up"}
			}
		},
		{
			"from": [10, 16, 12],
			"to": [12, 16, 14],
			"rotation": {"angle": 22.5, "axis": "y", "origin": [11, 16, 13]},
			"faces": {
				"up": {"uv": [5, 1, 7, 3], "texture": "#1", "cullface": "up"}
			}
		},
		{
			"from": [12, 16, 4],
			"to": [14, 16, 6],
			"rotation": {"angle": -22.5, "axis": "y", "origin": [13, 16, 5]},
			"faces": {
				"up": {"uv": [5, 1, 7, 3], "rotation": 90, "texture": "#1", "cullface": "up"}
			}
		},
		{
			"from": [7, 16, 7],
			"to": [9, 16, 9],
			"rotation": {"angle": -45, "axis": "y", "origin": [8, 16, 8]},
			"faces": {
				"up": {"uv": [5, 1, 7, 3], "texture": "#1", "cullface": "up"}
			}
		},
		{
			"from": [2, 16, 10],
			"to": [4, 16, 12],
			"rotation": {"angle": -22.5, "axis": "y", "origin": [3, 16, 11]},
			"faces": {
				"up": {"uv": [5, 1, 7, 3], "rotation": 270, "texture": "#1", "cullface": "up"}
			}
		}
	],
	"groups": [
		{
			"name": "group",
			"origin": [4, 8, 3],
			"color": 0,
			"children": [0, 1, 2, 3]
		},
		{
			"name": "group",
			"origin": [4, 8, 3],
			"color": 0,
			"children": [4, 5, 6, 7]
		},
		{
			"name": "group",
			"origin": [4, 8, 3],
			"color": 0,
			"children": [8, 9, 10, 11]
		},
		{
			"name": "group",
			"origin": [4, 8, 3],
			"color": 0,
			"children": [12, 13, 14, 15]
		},
		{
			"name": "group",
			"origin": [4, 8, 3],
			"color": 0,
			"children": [16, 17, 18, 19]
		},
		{
			"name": "top",
			"origin": [8, 8, 8],
			"color": 0,
			"children": [20, 21, 22, 23, 24]
		},
		{
			"name": "bottom",
			"origin": [8, 8, 8],
			"color": 0,
			"children": [25, 26, 27, 28, 29]
		}
	]
}