{
	"credit": "Made with Blockbench",
	"textures": {
		"1": "block/05m_brewing_stand",
		"particle": "block/brewing_stand",
		"stand": "block/brewing_stand"
	},
	"elements": [
		{
			"name": "shelf_3",
			"from": [5.15, 13, 3.9],
			"to": [6.15, 16, 4.9],
			"rotation": {"angle": 45, "axis": "y", "origin": [5.65, 9.5, 5.15]},
			"faces": {
				"north": {"uv": [9, 11, 10, 14], "texture": "#1"},
				"east": {"uv": [3, 0, 4, 3], "texture": "#stand"},
				"south": {"uv": [9, 11, 10, 14], "texture": "#1"},
				"west": {"uv": [3, 0, 4, 3], "texture": "#stand"},
				"up": {"uv": [9, 9, 10, 10], "rotation": 270, "texture": "#1"},
				"down": {"uv": [9, 15, 10, 16], "rotation": 90, "texture": "#1"}
			}
		},
		{
			"name": "shelf_2",
			"from": [5.15, 12, 4.9],
			"to": [6.15, 15, 5.9],
			"rotation": {"angle": 45, "axis": "y", "origin": [5.65, 9.5, 5.15]},
			"faces": {
				"north": {"uv": [11, 11, 12, 14], "texture": "#1"},
				"east": {"uv": [4, 1, 5, 4], "texture": "#stand"},
				"south": {"uv": [11, 11, 12, 14], "texture": "#1"},
				"west": {"uv": [4, 1, 5, 4], "texture": "#stand"},
				"up": {"uv": [11, 9, 12, 10], "rotation": 270, "texture": "#1"},
				"down": {"uv": [11, 15, 12, 16], "rotation": 90, "texture": "#1"}
			}
		},
		{
			"name": "shelf_1",
			"from": [5.15, 3, 5.9],
			"to": [6.15, 14, 7.9],
			"rotation": {"angle": 45, "axis": "y", "origin": [5.65, 9.5, 5.15]},
			"faces": {
				"north": {"uv": [13, 3, 14, 14], "texture": "#1"},
				"east": {"uv": [5, 2, 7, 13], "texture": "#stand"},
				"south": {"uv": [15, 3, 16, 14], "texture": "#1"},
				"west": {"uv": [5, 2, 7, 13], "texture": "#stand"},
				"up": {"uv": [13, 1, 15, 2], "rotation": 270, "texture": "#1"},
				"down": {"uv": [13, 15, 15, 16], "rotation": 90, "texture": "#1"}
			}
		},
		{
			"name": "tube_3",
			"from": [5.15, 11, 2.9],
			"to": [6.15, 13, 3.9],
			"rotation": {"angle": 45, "axis": "y", "origin": [5.65, 9.5, 5.15]},
			"faces": {
				"north": {"uv": [9, 3, 10, 5], "texture": "#1"},
				"east": {"uv": [2, 3, 3, 5], "texture": "#stand"},
				"south": {"uv": [9, 3, 10, 5], "texture": "#1"},
				"west": {"uv": [2, 3, 3, 5], "texture": "#stand"},
				"up": {"uv": [9, 1, 10, 2], "rotation": 270, "texture": "#1"},
				"down": {"uv": [9, 6, 10, 7], "rotation": 90, "texture": "#1"}
			}
		},
		{
			"name": "tube_2",
			"from": [5.15, 10, 3.9],
			"to": [6.15, 12, 4.9],
			"rotation": {"angle": 45, "axis": "y", "origin": [5.65, 9.5, 5.15]},
			"faces": {
				"north": {"uv": [11, 3, 12, 5], "texture": "#1"},
				"east": {"uv": [3, 4, 4, 6], "texture": "#stand"},
				"south": {"uv": [11, 3, 12, 5], "texture": "#1"},
				"west": {"uv": [3, 4, 4, 6], "texture": "#stand"},
				"up": {"uv": [11, 1, 12, 2], "rotation": 270, "texture": "#1"},
				"down": {"uv": [11, 6, 12, 7], "rotation": 90, "texture": "#1"}
			}
		},
		{
			"name": "tube_1",
			"from": [5.15, 9, 2.9],
			"to": [6.15, 10, 3.9],
			"rotation": {"angle": 45, "axis": "y", "origin": [5.65, 9.5, 5.15]},
			"faces": {
				"north": {"uv": [1, 1, 2, 2], "texture": "#1"},
				"east": {"uv": [2, 6, 3, 7], "texture": "#stand"},
				"south": {"uv": [1, 1, 2, 2], "texture": "#1"},
				"west": {"uv": [2, 6, 3, 7], "texture": "#stand"},
				"up": {"uv": [1, 1, 2, 2], "rotation": 270, "texture": "#1"}
			}
		},
		{
			"name": "bottle_2",
			"from": [5.15, 2, 1.9],
			"to": [6.15, 9, 4.9],
			"rotation": {"angle": 45, "axis": "y", "origin": [5.65, 9.5, 5.15]},
			"faces": {
				"north": {"uv": [3, 3, 4, 10], "texture": "#1"},
				"east": {"uv": [1, 7, 4, 14], "texture": "#stand"},
				"south": {"uv": [5, 3, 6, 10], "texture": "#1"},
				"west": {"uv": [1, 7, 4, 14], "texture": "#stand"},
				"up": {"uv": [3, 1, 6, 2], "rotation": 270, "texture": "#1"},
				"down": {"uv": [3, 11, 6, 12], "rotation": 90, "texture": "#1"}
			}
		},
		{
			"name": "bottle_1",
			"from": [5.15, 3, 0.9],
			"to": [6.15, 6, 5.9],
			"rotation": {"angle": 45, "axis": "y", "origin": [5.65, 9.5, 5.15]},
			"faces": {
				"north": {"uv": [1, 6, 2, 9], "texture": "#1"},
				"east": {"uv": [0, 10, 5, 13], "texture": "#stand"},
				"south": {"uv": [7, 6, 8, 9], "texture": "#1"},
				"west": {"uv": [0, 10, 5, 13], "texture": "#stand"},
				"up": {"uv": [1, 13, 6, 14], "rotation": 270, "texture": "#1"},
				"down": {"uv": [1, 15, 6, 16], "rotation": 90, "texture": "#1"}
			}
		}
	]
}