{
	"credit": "Made with Blockbench",
	"textures": {
		"0": "block/05m_mushroom_brown_mushroom_1",
		"2": "block/05m_mushroom_brown_mushroom_2",
		"particle": "block/brown_mushroom"
	},
	"elements": [
		{
			"name": "cap",
			"from": [4.4, 4, 4.4],
			"to": [11.6, 5.8, 11.6],
			"rotation": {"angle": -22.5, "axis": "y", "origin": [8, 3.45, 8]},
			"faces": {
				"north": {"uv": [7, 13, 15, 15], "texture": "#0"},
				"east": {"uv": [7, 10, 15, 12], "texture": "#0"},
				"south": {"uv": [7, 13, 15, 15], "texture": "#0"},
				"west": {"uv": [7, 10, 15, 12], "texture": "#0"},
				"up": {"uv": [7, 1, 15, 9], "texture": "#0"},
				"down": {"uv": [7, 1, 15, 9], "texture": "#2"}
			}
		},
		{
			"name": "stem",
			"from": [7, 0, 7],
			"to": [9, 4, 9],
			"rotation": {"angle": -22.5, "axis": "y", "origin": [8, 3.45, 8]},
			"faces": {
				"north": {"uv": [6, 1, 4, 5], "texture": "#0"},
				"east": {"uv": [1, 1, 3, 5], "texture": "#0"},
				"south": {"uv": [6, 1, 4, 5], "texture": "#0"},
				"west": {"uv": [1, 1, 3, 5], "texture": "#0"},
				"down": {"uv": [1, 6, 3, 8], "texture": "#0", "cullface": "down"}
			}
		}
	]
}