{
	"credit": "Made with Blockbench",
	"ambientocclusion": false,
	"textures": {
		"1": "block/05m_potatoes",
		"particle": "block/carrots_stage2",
		"crop": "block/carrots_stage2"
	},
	"elements": [
		{
			"from": [11, -1, 2.8],
			"to": [13.2, 0.1, 5],
			"rotation": {"angle": 0, "axis": "y", "origin": [12.1, -0.2, 3.9]},
			"faces": {
				"north": {"uv": [6, 11, 8, 12], "texture": "#1"},
				"east": {"uv": [6, 11, 8, 12], "texture": "#1"},
				"south": {"uv": [6, 11, 8, 12], "texture": "#1"},
				"west": {"uv": [6, 11, 8, 12], "texture": "#1"},
				"up": {"uv": [6, 8, 8, 10], "texture": "#1"}
			}
		},
		{
			"from": [2.8, -1, 2.8],
			"to": [5, 0.1, 5],
			"rotation": {"angle": 0, "axis": "y", "origin": [3.9, -0.2, 3.9]},
			"faces": {
				"north": {"uv": [6, 11, 8, 12], "texture": "#1"},
				"east": {"uv": [6, 11, 8, 12], "texture": "#1"},
				"south": {"uv": [6, 11, 8, 12], "texture": "#1"},
				"west": {"uv": [6, 11, 8, 12], "texture": "#1"},
				"up": {"uv": [6, 8, 8, 10], "rotation": 90, "texture": "#1"}
			}
		},
		{
			"from": [11, -1, 11],
			"to": [13.2, 0.1, 13.2],
			"rotation": {"angle": 0, "axis": "y", "origin": [12.1, -0.2, 12.1]},
			"faces": {
				"north": {"uv": [6, 11, 8, 12], "texture": "#1"},
				"east": {"uv": [6, 11, 8, 12], "texture": "#1"},
				"south": {"uv": [6, 11, 8, 12], "texture": "#1"},
				"west": {"uv": [6, 11, 8, 12], "texture": "#1"},
				"up": {"uv": [6, 8, 8, 10], "rotation": 270, "texture": "#1"}
			}
		},
		{
			"from": [2.8, -1, 11.1],
			"to": [5, 0.1, 13.3],
			"rotation": {"angle": -22.5, "axis": "y", "origin": [3.9, -0.2, 12.2]},
			"faces": {
				"north": {"uv": [6, 11, 8, 12], "texture": "#1"},
				"east": {"uv": [6, 11, 8, 12], "texture": "#1"},
				"south": {"uv": [6, 11, 8, 12], "texture": "#1"},
				"west": {"uv": [6, 11, 8, 12], "texture": "#1"},
				"up": {"uv": [6, 8, 8, 10], "rotation": 180, "texture": "#1"}
			}
		},
		{
			"from": [6.75, -1, 2.75],
			"to": [9.25, 0.25, 5.25],
			"rotation": {"angle": 22.5, "axis": "y", "origin": [8, 0, 4]},
			"faces": {
				"north": {"uv": [6, 11, 8, 12], "texture": "#1"},
				"east": {"uv": [6, 11, 8, 12], "texture": "#1"},
				"south": {"uv": [6, 11, 8, 12], "texture": "#1"},
				"west": {"uv": [6, 11, 8, 12], "texture": "#1"},
				"up": {"uv": [6, 8, 8, 10], "texture": "#1"}
			}
		},
		{
			"from": [6.75, -1, 10.75],
			"to": [9.25, 0.25, 13.25],
			"rotation": {"angle": 0, "axis": "y", "origin": [8, 0, 12]},
			"faces": {
				"north": {"uv": [6, 11, 8, 12], "texture": "#1"},
				"east": {"uv": [6, 11, 8, 12], "texture": "#1"},
				"south": {"uv": [6, 11, 8, 12], "texture": "#1"},
				"west": {"uv": [6, 11, 8, 12], "texture": "#1"},
				"up": {"uv": [6, 8, 8, 10], "rotation": 180, "texture": "#1"}
			}
		},
		{
			"from": [10.75, -1, 6.75],
			"to": [13.25, 0.25, 9.25],
			"rotation": {"angle": -22.5, "axis": "y", "origin": [12, 0, 8]},
			"faces": {
				"north": {"uv": [6, 11, 8, 12], "texture": "#1"},
				"east": {"uv": [6, 11, 8, 12], "texture": "#1"},
				"south": {"uv": [6, 11, 8, 12], "texture": "#1"},
				"west": {"uv": [6, 11, 8, 12], "texture": "#1"},
				"up": {"uv": [6, 8, 8, 10], "rotation": 90, "texture": "#1"}
			}
		},
		{
			"from": [2.75, -1, 6.75],
			"to": [5.25, 0.25, 9.25],
			"rotation": {"angle": 45, "axis": "y", "origin": [4, 0, 8]},
			"faces": {
				"north": {"uv": [6, 11, 8, 12], "texture": "#1"},
				"east": {"uv": [6, 11, 8, 12], "texture": "#1"},
				"south": {"uv": [6, 11, 8, 12], "texture": "#1"},
				"west": {"uv": [6, 11, 8, 12], "texture": "#1"},
				"up": {"uv": [6, 8, 8, 10], "rotation": 270, "texture": "#1"}
			}
		},
		{
			"from": [4, 0, 0],
			"to": [4, 15, 16],
			"shade": false,
			"faces": {
				"east": {"uv": [16, 0, 0, 15], "texture": "#crop"},
				"west": {"uv": [0, 0, 16, 15], "texture": "#crop"}
			}
		},
		{
			"from": [12, 0, 0],
			"to": [12, 15, 16],
			"shade": false,
			"faces": {
				"east": {"uv": [0, 0, 16, 15], "texture": "#crop"},
				"west": {"uv": [16, 0, 0, 15], "texture": "#crop"}
			}
		},
		{
			"from": [0, 0, 4],
			"to": [16, 15, 4],
			"shade": false,
			"faces": {
				"north": {"uv": [0, 0, 16, 15], "texture": "#crop"},
				"south": {"uv": [16, 0, 0, 15], "texture": "#crop"}
			}
		},
		{
			"from": [0, 0, 12],
			"to": [16, 15, 12],
			"shade": false,
			"faces": {
				"north": {"uv": [16, 0, 0, 15], "texture": "#crop"},
				"south": {"uv": [0, 0, 16, 15], "texture": "#crop"}
			}
		}
	],
	"groups": [
		{
			"name": "group",
			"origin": [8, 0, 4],
			"color": 0,
			"children": [0, 1, 2, 3, 4, 5, 6, 7]
		},
		8,
		9,
		10,
		11
	]
}