{
	"credit": "Made with Blockbench",
	"textures": {
		"0": "block/05m_mushroom_red_mushroom_1",
		"2": "block/05m_mushroom_red_mushroom_2",
		"particle": "block/red_mushroom"
	},
	"elements": [
		{
			"name": "cap_2",
			"from": [5.3, 4.8, 5.3],
			"to": [10.7, 6.6, 10.7],
			"rotation": {"angle": -22.5, "axis": "y", "origin": [8, 3.6, 8]},
			"faces": {
				"north": {"uv": [1, 12, 7, 14], "texture": "#2"},
				"east": {"uv": [1, 9, 7, 11], "texture": "#2"},
				"south": {"uv": [1, 12, 7, 14], "texture": "#2"},
				"west": {"uv": [1, 9, 7, 11], "texture": "#2"},
				"up": {"uv": [8, 9, 14, 15], "texture": "#2"}
			}
		},
		{
			"name": "cap_1",
			"from": [4.4, 3, 4.4],
			"to": [11.6, 4.8, 11.6],
			"rotation": {"angle": -22.5, "axis": "y", "origin": [8, 3.6, 8]},
			"faces": {
				"north": {"uv": [8, 12, 16, 14], "texture": "#0"},
				"east": {"uv": [8, 9, 16, 11], "texture": "#0"},
				"south": {"uv": [8, 12, 16, 14], "texture": "#0"},
				"west": {"uv": [8, 9, 16, 11], "texture": "#0"},
				"up": {"uv": [8, 0, 16, 8], "texture": "#0"},
				"down": {"uv": [8, 0, 16, 8], "texture": "#2"}
			}
		},
		{
			"name": "stem",
			"from": [7, 0, 7],
			"to": [9, 3, 9],
			"rotation": {"angle": -22.5, "axis": "y", "origin": [8, 3.6, 8]},
			"faces": {
				"north": {"uv": [6, 0, 4, 3], "texture": "#0"},
				"east": {"uv": [1, 0, 3, 3], "texture": "#0"},
				"south": {"uv": [6, 0, 4, 3], "texture": "#0"},
				"west": {"uv": [1, 0, 3, 3], "texture": "#0"},
				"down": {"uv": [1, 4, 3, 6], "texture": "#0", "cullface": "down"}
			}
		}
	]
}