{
	"credit": "Made with Blockbench",
	"parent": "block/block",
	"textures": {
		"chain": "block/05m_chain",
		"particle": "block/chain"
	},
	"elements": [
		{
			"name": "inside_7",
			"from": [8.5, 16, 8.5],
			"to": [7.5, 15, 7.5],
			"rotation": {"angle": 45, "axis": "y", "origin": [8, 15.5, 8]},
			"faces": {
				"north": {"uv": [10, 11, 11, 12], "texture": "#chain"},
				"south": {"uv": [14, 11, 15, 12], "texture": "#chain"}
			}
		},
		{
			"name": "inside_6",
			"from": [8.5, 14, 8.5],
			"to": [7.5, 13, 7.5],
			"rotation": {"angle": 45, "axis": "y", "origin": [8, 13.5, 8]},
			"faces": {
				"east": {"uv": [10, 4, 11, 5], "texture": "#chain"},
				"west": {"uv": [14, 4, 15, 5], "texture": "#chain"}
			}
		},
		{
			"name": "inside_5",
			"from": [8.5, 12, 8.5],
			"to": [7.5, 10, 7.5],
			"rotation": {"angle": 45, "axis": "y", "origin": [8, 14.5, 8]},
			"faces": {
				"north": {"uv": [10, 10, 11, 12], "texture": "#chain"},
				"south": {"uv": [14, 10, 15, 12], "texture": "#chain"}
			}
		},
		{
			"name": "inside_4",
			"from": [8.5, 9, 8.5],
			"to": [7.5, 7, 7.5],
			"rotation": {"angle": 45, "axis": "y", "origin": [8, 11.5, 8]},
			"faces": {
				"east": {"uv": [10, 10, 11, 12], "texture": "#chain"},
				"west": {"uv": [14, 10, 15, 12], "texture": "#chain"}
			}
		},
		{
			"name": "inside_3",
			"from": [8.5, 6, 8.5],
			"to": [7.5, 4, 7.5],
			"rotation": {"angle": 45, "axis": "y", "origin": [8, 8.5, 8]},
			"faces": {
				"north": {"uv": [10, 10, 11, 12], "texture": "#chain"},
				"south": {"uv": [14, 10, 15, 12], "texture": "#chain"}
			}
		},
		{
			"name": "inside_2",
			"from": [8.5, 3, 8.5],
			"to": [7.5, 2, 7.5],
			"rotation": {"angle": 45, "axis": "y", "origin": [8, 2.5, 8]},
			"faces": {
				"east": {"uv": [10, 4, 11, 5], "texture": "#chain"},
				"west": {"uv": [14, 4, 15, 5], "texture": "#chain"}
			}
		},
		{
			"name": "inside_1",
			"from": [8.5, 1, 8.5],
			"to": [7.5, 0, 7.5],
			"rotation": {"angle": 45, "axis": "y", "origin": [8, 0.5, 8]},
			"faces": {
				"north": {"uv": [10, 11, 11, 12], "texture": "#chain"},
				"south": {"uv": [14, 11, 15, 12], "texture": "#chain"}
			}
		},
		{
			"name": "chain_7",
			"from": [7.5, 14, 6.5],
			"to": [8.5, 16, 9.5],
			"rotation": {"angle": 45, "axis": "y", "origin": [8, 16, 8]},
			"faces": {
				"north": {"uv": [7, 11, 8, 13], "texture": "#chain"},
				"east": {"uv": [3, 11, 6, 13], "texture": "#chain"},
				"south": {"uv": [1, 11, 2, 13], "texture": "#chain"},
				"west": {"uv": [6, 11, 3, 13], "texture": "#chain"},
				"up": {"uv": [7, 1, 10, 2], "rotation": 90, "texture": "#chain", "cullface": "up"},
				"down": {"uv": [3, 7, 6, 8], "rotation": 270, "texture": "#chain"}
			}
		},
		{
			"name": "chain_6",
			"from": [6.5, 12, 7.5],
			"to": [9.5, 14.995, 8.5],
			"rotation": {"angle": 45, "axis": "y", "origin": [8, 13.5, 8]},
			"faces": {
				"north": {"uv": [6, 3, 3, 6], "texture": "#chain"},
				"east": {"uv": [7, 3, 8, 6], "texture": "#chain"},
				"south": {"uv": [3, 3, 6, 6], "texture": "#chain"},
				"west": {"uv": [1, 3, 2, 6], "texture": "#chain"},
				"up": {"uv": [3, 1, 6, 2], "rotation": 180, "texture": "#chain"},
				"down": {"uv": [3, 7, 6, 8], "rotation": 180, "texture": "#chain"}
			}
		},
		{
			"name": "chain_5",
			"from": [7.5, 9.005, 6.5],
			"to": [8.5, 12.995, 9.5],
			"rotation": {"angle": 45, "axis": "y", "origin": [8, 11, 8]},
			"faces": {
				"north": {"uv": [7, 9, 8, 13], "texture": "#chain"},
				"east": {"uv": [3, 9, 6, 13], "texture": "#chain"},
				"south": {"uv": [1, 9, 2, 13], "texture": "#chain"},
				"west": {"uv": [6, 9, 3, 13], "texture": "#chain"},
				"up": {"uv": [3, 1, 6, 2], "rotation": 90, "texture": "#chain"},
				"down": {"uv": [3, 7, 6, 8], "rotation": 270, "texture": "#chain"}
			}
		},
		{
			"name": "chain_4",
			"from": [6.5, 6, 7.5],
			"to": [9.5, 10, 8.5],
			"rotation": {"angle": 45, "axis": "y", "origin": [8, 8, 8]},
			"faces": {
				"north": {"uv": [6, 9, 3, 13], "texture": "#chain"},
				"east": {"uv": [7, 9, 8, 13], "texture": "#chain"},
				"south": {"uv": [3, 9, 6, 13], "texture": "#chain"},
				"west": {"uv": [1, 9, 2, 13], "texture": "#chain"},
				"up": {"uv": [3, 1, 6, 2], "rotation": 180, "texture": "#chain"},
				"down": {"uv": [3, 7, 6, 8], "rotation": 180, "texture": "#chain"}
			}
		},
		{
			"name": "chain_3",
			"from": [7.5, 3.005, 6.5],
			"to": [8.5, 6.995, 9.5],
			"rotation": {"angle": 45, "axis": "y", "origin": [8, 5, 8]},
			"faces": {
				"north": {"uv": [7, 9, 8, 13], "texture": "#chain"},
				"east": {"uv": [3, 9, 6, 13], "texture": "#chain"},
				"south": {"uv": [1, 9, 2, 13], "texture": "#chain"},
				"west": {"uv": [6, 9, 3, 13], "texture": "#chain"},
				"up": {"uv": [3, 1, 6, 2], "rotation": 90, "texture": "#chain"},
				"down": {"uv": [3, 7, 6, 8], "rotation": 270, "texture": "#chain"}
			}
		},
		{
			"name": "chain_2",
			"from": [6.5, 1.005, 7.5],
			"to": [9.5, 4, 8.5],
			"rotation": {"angle": 45, "axis": "y", "origin": [8, 2.5, 8]},
			"faces": {
				"north": {"uv": [6, 3, 3, 6], "texture": "#chain"},
				"east": {"uv": [7, 3, 8, 6], "texture": "#chain"},
				"south": {"uv": [3, 3, 6, 6], "texture": "#chain"},
				"west": {"uv": [1, 3, 2, 6], "texture": "#chain"},
				"up": {"uv": [3, 1, 6, 2], "rotation": 180, "texture": "#chain"},
				"down": {"uv": [3, 7, 6, 8], "rotation": 180, "texture": "#chain"}
			}
		},
		{
			"name": "chain_1",
			"from": [7.5, 0, 6.5],
			"to": [8.5, 2, 9.5],
			"rotation": {"angle": 45, "axis": "y", "origin": [8, 2, 8]},
			"faces": {
				"north": {"uv": [7, 9, 8, 11], "texture": "#chain"},
				"east": {"uv": [3, 9, 6, 11], "texture": "#chain"},
				"south": {"uv": [1, 9, 2, 11], "texture": "#chain"},
				"west": {"uv": [6, 9, 3, 11], "texture": "#chain"},
				"up": {"uv": [7, 1, 10, 2], "rotation": 90, "texture": "#chain"},
				"down": {"uv": [7, 7, 10, 8], "rotation": 270, "texture": "#chain", "cullface": "down"}
			}
		}
	]
}