{
	"credit": "Made with Blockbench",
	"ambientocclusion": false,
	"textures": {
		"2": "block/05m_iron_bars",
		"particle": "block/iron_bars"
	},
	"elements": [
		{
			"name": "v2",
			"from": [7.5, 0, 2],
			"to": [8.5, 16, 4],
			"rotation": {"angle": 0, "axis": "y", "origin": [7.5, 0, 2]},
			"faces": {
				"north": {"uv": [2, 0, 3, 16], "texture": "#2"},
				"east": {"uv": [12, 0, 14, 16], "texture": "#particle"},
				"south": {"uv": [0, 0, 1, 16], "texture": "#2"},
				"west": {"uv": [14, 0, 12, 16], "texture": "#particle"},
				"up": {"uv": [10, 4, 12, 5], "rotation": 90, "texture": "#2"},
				"down": {"uv": [13, 4, 15, 5], "rotation": 90, "texture": "#2"}
			}
		},
		{
			"name": "v1",
			"from": [7.5, 0, 7],
			"to": [8.5, 16, 8],
			"rotation": {"angle": 0, "axis": "y", "origin": [7.5, 0, 7]},
			"faces": {
				"north": {"uv": [2, 0, 3, 16], "texture": "#2"},
				"east": {"uv": [8, 0, 9, 16], "texture": "#particle"},
				"south": {"uv": [0, 0, 1, 16], "texture": "#2"},
				"west": {"uv": [9, 0, 8, 16], "texture": "#particle"},
				"up": {"uv": [10, 4, 11, 5], "texture": "#2"},
				"down": {"uv": [13, 4, 14, 5], "texture": "#2"}
			}
		},
		{
			"name": "h2",
			"from": [7.5, 7, 0],
			"to": [8.5, 9, 3],
			"rotation": {"angle": 0, "axis": "y", "origin": [7.5, 8, 4]},
			"faces": {
				"east": {"uv": [13, 7, 16, 9], "texture": "#particle"},
				"west": {"uv": [16, 7, 13, 9], "texture": "#particle"},
				"up": {"uv": [2, 2, 3, 5], "texture": "#2"},
				"down": {"uv": [0, 2, 1, 5], "texture": "#2"}
			}
		},
		{
			"name": "h1",
			"from": [7.5, 2, 3],
			"to": [8.5, 4, 8],
			"rotation": {"angle": 0, "axis": "y", "origin": [7.5, 3, 7]},
			"faces": {
				"east": {"uv": [8, 12, 13, 14], "texture": "#particle"},
				"west": {"uv": [13, 12, 8, 14], "texture": "#particle"},
				"up": {"uv": [2, 10, 3, 15], "texture": "#2"},
				"down": {"uv": [0, 10, 1, 15], "texture": "#2"}
			}
		}
	]
}