{
	"credit": "Made with Blockbench",
	"ambientocclusion": false,
	"textures": {
		"2": "block/05m_iron_bars",
		"particle": "block/iron_bars"
	},
	"elements": [
		{
			"name": "v2",
			"from": [7.5, 0, 12],
			"to": [8.5, 16, 14],
			"rotation": {"angle": 0, "axis": "y", "origin": [7.5, 0, 12]},
			"faces": {
				"north": {"uv": [2, 0, 3, 16], "texture": "#2"},
				"east": {"uv": [2, 0, 4, 16], "texture": "#particle"},
				"south": {"uv": [0, 0, 1, 16], "texture": "#2"},
				"west": {"uv": [4, 0, 2, 16], "texture": "#particle"},
				"up": {"uv": [10, 4, 12, 5], "rotation": 90, "texture": "#2"},
				"down": {"uv": [13, 4, 15, 5], "rotation": 90, "texture": "#2"}
			}
		},
		{
			"name": "v1",
			"from": [7.5, 0, 8],
			"to": [8.5, 16, 9],
			"rotation": {"angle": 0, "axis": "y", "origin": [7.5, 0, 8]},
			"faces": {
				"north": {"uv": [2, 0, 3, 16], "texture": "#2"},
				"east": {"uv": [7, 0, 8, 16], "texture": "#particle"},
				"south": {"uv": [0, 0, 1, 16], "texture": "#2"},
				"west": {"uv": [8, 0, 7, 16], "texture": "#particle"},
				"up": {"uv": [11, 4, 12, 5], "texture": "#2"},
				"down": {"uv": [14, 4, 15, 5], "texture": "#2"}
			}
		},
		{
			"name": "h2",
			"from": [7.5, 7, 13],
			"to": [8.5, 9, 16],
			"rotation": {"angle": 0, "axis": "y", "origin": [7.5, 8, 17]},
			"faces": {
				"east": {"uv": [0, 7, 3, 9], "texture": "#particle"},
				"west": {"uv": [3, 7, 0, 9], "texture": "#particle"},
				"up": {"uv": [2, 10, 3, 13], "texture": "#2"},
				"down": {"uv": [0, 10, 1, 13], "texture": "#2"}
			}
		},
		{
			"name": "h1",
			"from": [7.5, 12, 8],
			"to": [8.5, 14, 13],
			"rotation": {"angle": 0, "axis": "y", "origin": [7.5, 13, 12]},
			"faces": {
				"east": {"uv": [3, 2, 8, 4], "texture": "#particle"},
				"west": {"uv": [8, 2, 3, 4], "texture": "#particle"},
				"up": {"uv": [2, 3, 3, 8], "texture": "#2"},
				"down": {"uv": [0, 3, 1, 8], "texture": "#2"}
			}
		}
	]
}