{
	"credit": "Made with Blockbench",
	"textures": {
		"1": "block/05m_brewing_stand",
		"particle": "block/brewing_stand",
		"stand": "block/brewing_stand"
	},
	"elements": [
		{
			"name": "shelf_3",
			"from": [12, 13, 7.5],
			"to": [13, 16, 8.5],
			"rotation": {"angle": 0, "axis": "y", "origin": [12, 13, 7.5]},
			"faces": {
				"north": {"uv": [3, 0, 4, 3], "texture": "#stand"},
				"east": {"uv": [9, 11, 10, 14], "texture": "#1"},
				"south": {"uv": [3, 0, 4, 3], "texture": "#stand"},
				"west": {"uv": [9, 11, 10, 14], "texture": "#1"},
				"up": {"uv": [9, 9, 10, 10], "texture": "#1"},
				"down": {"uv": [9, 15, 10, 16], "texture": "#1"}
			}
		},
		{
			"name": "shelf_2",
			"from": [11, 12, 7.5],
			"to": [12, 15, 8.5],
			"rotation": {"angle": 0, "axis": "y", "origin": [11, 12, 7.5]},
			"faces": {
				"north": {"uv": [4, 1, 5, 4], "texture": "#stand"},
				"east": {"uv": [11, 11, 12, 14], "texture": "#1"},
				"south": {"uv": [4, 1, 5, 4], "texture": "#stand"},
				"west": {"uv": [11, 11, 12, 14], "texture": "#1"},
				"up": {"uv": [11, 9, 12, 10], "texture": "#1"},
				"down": {"uv": [11, 15, 12, 16], "texture": "#1"}
			}
		},
		{
			"name": "shelf_1",
			"from": [9, 3, 7.5],
			"to": [11, 14, 8.5],
			"rotation": {"angle": 0, "axis": "y", "origin": [9, 3, 7.5]},
			"faces": {
				"north": {"uv": [5, 2, 7, 13], "texture": "#stand"},
				"east": {"uv": [13, 3, 14, 14], "texture": "#1"},
				"south": {"uv": [5, 2, 7, 13], "texture": "#stand"},
				"west": {"uv": [15, 3, 16, 14], "texture": "#1"},
				"up": {"uv": [13, 1, 15, 2], "texture": "#1"},
				"down": {"uv": [13, 15, 15, 16], "texture": "#1"}
			}
		},
		{
			"name": "tube_3",
			"from": [13, 11, 7.5],
			"to": [14, 13, 8.5],
			"rotation": {"angle": 0, "axis": "y", "origin": [13, 11, 7.5]},
			"faces": {
				"north": {"uv": [2, 3, 3, 5], "texture": "#stand"},
				"east": {"uv": [9, 3, 10, 5], "texture": "#1"},
				"south": {"uv": [2, 3, 3, 5], "texture": "#stand"},
				"west": {"uv": [9, 3, 10, 5], "texture": "#1"},
				"up": {"uv": [9, 1, 10, 2], "texture": "#1"},
				"down": {"uv": [9, 6, 10, 7], "texture": "#1"}
			}
		},
		{
			"name": "tube_2",
			"from": [12, 10, 7.5],
			"to": [13, 12, 8.5],
			"rotation": {"angle": 0, "axis": "y", "origin": [12, 10, 7.5]},
			"faces": {
				"north": {"uv": [3, 4, 4, 6], "texture": "#stand"},
				"east": {"uv": [11, 3, 12, 5], "texture": "#1"},
				"south": {"uv": [3, 4, 4, 6], "texture": "#stand"},
				"west": {"uv": [11, 3, 12, 5], "texture": "#1"},
				"up": {"uv": [11, 1, 12, 2], "texture": "#1"},
				"down": {"uv": [11, 6, 12, 7], "texture": "#1"}
			}
		},
		{
			"name": "tube_1",
			"from": [13, 9, 7.5],
			"to": [14, 10, 8.5],
			"rotation": {"angle": 0, "axis": "y", "origin": [12, 9, 7.5]},
			"faces": {
				"north": {"uv": [2, 6, 3, 7], "texture": "#stand"},
				"east": {"uv": [1, 1, 2, 2], "texture": "#1"},
				"south": {"uv": [2, 6, 3, 7], "texture": "#stand"},
				"west": {"uv": [1, 1, 2, 2], "texture": "#1"},
				"up": {"uv": [1, 1, 2, 2], "texture": "#1"}
			}
		},
		{
			"name": "bottle_2",
			"from": [12, 2, 7.5],
			"to": [15, 9, 8.5],
			"rotation": {"angle": 0, "axis": "y", "origin": [13, 2, 7.5]},
			"faces": {
				"north": {"uv": [1, 7, 4, 14], "texture": "#stand"},
				"east": {"uv": [3, 3, 4, 10], "texture": "#1"},
				"south": {"uv": [1, 7, 4, 14], "texture": "#stand"},
				"west": {"uv": [5, 3, 6, 10], "texture": "#1"},
				"up": {"uv": [3, 1, 6, 2], "texture": "#1"},
				"down": {"uv": [3, 11, 6, 12], "texture": "#1"}
			}
		},
		{
			"name": "bottle_1",
			"from": [11, 3, 7.5],
			"to": [16, 6, 8.5],
			"rotation": {"angle": 0, "axis": "y", "origin": [14, 4, 6.5]},
			"faces": {
				"north": {"uv": [0, 10, 5, 13], "texture": "#stand"},
				"east": {"uv": [1, 6, 2, 9], "texture": "#1"},
				"south": {"uv": [0, 10, 5, 13], "texture": "#stand"},
				"west": {"uv": [7, 6, 8, 9], "texture": "#1"},
				"up": {"uv": [1, 13, 6, 14], "texture": "#1"},
				"down": {"uv": [1, 15, 6, 16], "texture": "#1"}
			}
		}
	]
}