{
	"credit": "Made with Blockbench",
	"textures": {
		"1": "block/05m_brewing_stand",
		"particle": "block/brewing_stand",
		"stand": "block/brewing_stand"
	},
	"elements": [
		{
			"name": "shelf_3",
			"from": [12, 13, 7.5],
			"to": [13, 16, 8.5],
			"rotation": {"angle": 0, "axis": "y", "origin": [11.75, 9.5, 8]},
			"faces": {
				"north": {"uv": [3, 0, 4, 3], "texture": "#stand"},
				"east": {"uv": [9, 11, 10, 14], "texture": "#1"},
				"south": {"uv": [3, 0, 4, 3], "texture": "#stand"},
				"west": {"uv": [9, 11, 10, 14], "texture": "#1"},
				"up": {"uv": [9, 9, 10, 10], "texture": "#1"},
				"down": {"uv": [9, 15, 10, 16], "texture": "#1"}
			}
		},
		{
			"name": "shelf_2",
			"from": [11, 12, 7.5],
			"to": [12, 15, 8.5],
			"rotation": {"angle": 0, "axis": "y", "origin": [11.75, 9.5, 8]},
			"faces": {
				"north": {"uv": [4, 1, 5, 4], "texture": "#stand"},
				"east": {"uv": [11, 11, 12, 14], "texture": "#1"},
				"south": {"uv": [4, 1, 5, 4], "texture": "#stand"},
				"west": {"uv": [11, 11, 12, 14], "texture": "#1"},
				"up": {"uv": [11, 9, 12, 10], "texture": "#1"},
				"down": {"uv": [11, 15, 12, 16], "texture": "#1"}
			}
		},
		{
			"name": "shelf_1",
			"from": [9, 3, 7.5],
			"to": [11, 14, 8.5],
			"rotation": {"angle": 0, "axis": "y", "origin": [11.75, 9.5, 8]},
			"faces": {
				"north": {"uv": [5, 2, 7, 13], "texture": "#stand"},
				"east": {"uv": [13, 3, 14, 14], "texture": "#1"},
				"south": {"uv": [5, 2, 7, 13], "texture": "#stand"},
				"west": {"uv": [15, 3, 16, 14], "texture": "#1"},
				"up": {"uv": [13, 1, 15, 2], "texture": "#1"},
				"down": {"uv": [13, 15, 15, 16], "texture": "#1"}
			}
		},
		{
			"name": "tube_3",
			"from": [13, 11, 7.5],
			"to": [14, 13, 8.5],
			"rotation": {"angle": 0, "axis": "y", "origin": [11.75, 9.5, 8]},
			"faces": {
				"north": {"uv": [2, 3, 3, 5], "texture": "#stand"},
				"east": {"uv": [9, 3, 10, 5], "texture": "#1"},
				"south": {"uv": [2, 3, 3, 5], "texture": "#stand"},
				"west": {"uv": [9, 3, 10, 5], "texture": "#1"},
				"up": {"uv": [9, 1, 10, 2], "texture": "#1"},
				"down": {"uv": [9, 6, 10, 7], "texture": "#1"}
			}
		},
		{
			"name": "tube_2",
			"from": [12, 6, 7.5],
			"to": [13, 12, 8.5],
			"rotation": {"angle": 0, "axis": "y", "origin": [11.75, 9.5, 8]},
			"faces": {
				"north": {"uv": [12, 4, 13, 10], "texture": "#stand"},
				"east": {"uv": [7, 10, 8, 16], "texture": "#1"},
				"south": {"uv": [12, 4, 13, 10], "texture": "#stand"},
				"west": {"uv": [7, 10, 8, 16], "texture": "#1"},
				"up": {"uv": [7, 1, 8, 2], "texture": "#1"},
				"down": {"uv": [7, 3, 8, 4], "texture": "#1"}
			}
		}
	]
}