{
	"credit": "Made with Blockbench",
	"textures": {
		"0": "block/05m_rail_wood",
		"1": "block/05m_rail_iron",
		"2": "block/05m_rail_gold",
		"particle": "block/detector_rail_on"
	},
	"elements": [
		{
			"name": "detector",
			"from": [5, 0, 5.01],
			"to": [11, 2, 10.99],
			"faces": {
				"north": {"uv": [10, 9, 16, 10], "rotation": 180, "texture": "#2"},
				"east": {"uv": [10, 14, 16, 15], "texture": "#2"},
				"south": {"uv": [10, 14, 16, 15], "texture": "#2"},
				"west": {"uv": [16, 10, 10, 9], "texture": "#2"},
				"up": {"uv": [10, 9, 16, 15], "texture": "#2"},
				"down": {"uv": [10, 9, 16, 15], "texture": "#2", "cullface": "down"}
			}
		},
		{
			"name": "iron_left",
			"from": [2, 0, 0],
			"to": [4, 2, 16],
			"faces": {
				"north": {"uv": [9, 13, 11, 15], "texture": "#1", "cullface": "north"},
				"east": {"uv": [2, 0, 4, 16], "rotation": 270, "texture": "#1"},
				"south": {"uv": [5, 1, 7, 3], "texture": "#1", "cullface": "south"},
				"west": {"uv": [2, 0, 4, 16], "rotation": 90, "texture": "#1"},
				"up": {"uv": [2, 0, 4, 16], "texture": "#1"},
				"down": {"uv": [12, 0, 14, 16], "texture": "#1", "cullface": "down"}
			}
		},
		{
			"name": "iron_right",
			"from": [12, 0, 0],
			"to": [14, 2, 16],
			"faces": {
				"north": {"uv": [5, 13, 7, 15], "texture": "#1", "cullface": "north"},
				"east": {"uv": [12, 0, 14, 16], "rotation": 270, "texture": "#1"},
				"south": {"uv": [9, 1, 11, 3], "texture": "#1", "cullface": "south"},
				"west": {"uv": [12, 0, 14, 16], "rotation": 90, "texture": "#1"},
				"up": {"uv": [12, 0, 14, 16], "texture": "#1"},
				"down": {"uv": [2, 0, 4, 16], "texture": "#1", "cullface": "down"}
			}
		},
		{
			"name": "wood_1",
			"from": [1, -1, 1],
			"to": [15, 1, 3],
			"faces": {
				"north": {"uv": [1, 5, 15, 7], "texture": "#0"},
				"east": {"uv": [9, 7, 11, 9], "texture": "#1"},
				"south": {"uv": [1, 9, 15, 11], "rotation": 180, "texture": "#0"},
				"west": {"uv": [5, 4, 7, 6], "texture": "#1"},
				"up": {"uv": [1, 1, 15, 3], "texture": "#0"},
				"down": {"uv": [1, 13, 15, 15], "texture": "#0", "cullface": "down"}
			}
		},
		{
			"name": "wood_2",
			"from": [1, -1, 5],
			"to": [15, 1, 7],
			"faces": {
				"north": {"uv": [1, 13, 15, 15], "texture": "#0"},
				"east": {"uv": [9, 10, 11, 12], "texture": "#1"},
				"south": {"uv": [1, 1, 15, 3], "rotation": 180, "texture": "#0"},
				"west": {"uv": [5, 7, 7, 9], "texture": "#1"},
				"up": {"uv": [1, 5, 15, 7], "texture": "#0"},
				"down": {"uv": [1, 9, 15, 11], "texture": "#0", "cullface": "down"}
			}
		},
		{
			"name": "wood_3",
			"from": [1, -1, 9],
			"to": [15, 1, 11],
			"faces": {
				"north": {"uv": [1, 1, 15, 3], "texture": "#0"},
				"east": {"uv": [9, 7, 11, 9], "texture": "#1"},
				"south": {"uv": [1, 13, 15, 15], "rotation": 180, "texture": "#0"},
				"west": {"uv": [5, 10, 7, 12], "texture": "#1"},
				"up": {"uv": [1, 9, 15, 11], "texture": "#0"},
				"down": {"uv": [1, 5, 15, 7], "texture": "#0", "cullface": "down"}
			}
		},
		{
			"name": "wood_4",
			"from": [1, -1, 13],
			"to": [15, 1, 15],
			"faces": {
				"north": {"uv": [1, 9, 15, 11], "texture": "#0"},
				"east": {"uv": [9, 4, 11, 6], "texture": "#1"},
				"south": {"uv": [1, 5, 15, 7], "rotation": 180, "texture": "#0"},
				"west": {"uv": [5, 4, 7, 6], "texture": "#1"},
				"up": {"uv": [1, 13, 15, 15], "texture": "#0"},
				"down": {"uv": [1, 1, 15, 3], "texture": "#0", "cullface": "down"}
			}
		}
	]
}