{
	"credit": "Made with Blockbench",
	"ambientocclusion": false,
	"textures": {
		"0": "block/05m_mushroom_red_mushroom_1",
		"2": "block/05m_mushroom_red_mushroom_2",
		"particle": "block/flower_pot",
		"flowerpot": "block/flower_pot",
		"dirt": "block/dirt"
	},
	"elements": [
		{
			"name": "cap_2",
			"from": [5.3, 8.8, 5.3],
			"to": [10.7, 10.6, 10.7],
			"rotation": {"angle": -22.5, "axis": "y", "origin": [8, 7.6, 8]},
			"faces": {
				"north": {"uv": [1, 12, 7, 14], "texture": "#2"},
				"east": {"uv": [1, 9, 7, 11], "texture": "#2"},
				"south": {"uv": [1, 12, 7, 14], "texture": "#2"},
				"west": {"uv": [1, 9, 7, 11], "texture": "#2"},
				"up": {"uv": [8, 9, 14, 15], "texture": "#2"}
			}
		},
		{
			"name": "cap_1",
			"from": [4.4, 7, 4.4],
			"to": [11.6, 8.8, 11.6],
			"rotation": {"angle": -22.5, "axis": "y", "origin": [8, 7.6, 8]},
			"faces": {
				"north": {"uv": [8, 12, 16, 14], "texture": "#0"},
				"east": {"uv": [8, 9, 16, 11], "texture": "#0"},
				"south": {"uv": [8, 12, 16, 14], "texture": "#0"},
				"west": {"uv": [8, 9, 16, 11], "texture": "#0"},
				"up": {"uv": [8, 0, 16, 8], "texture": "#0"},
				"down": {"uv": [8, 0, 16, 8], "texture": "#2"}
			}
		},
		{
			"name": "stem",
			"from": [7, 4, 7],
			"to": [9, 7, 9],
			"rotation": {"angle": -22.5, "axis": "y", "origin": [8, 7.6, 8]},
			"faces": {
				"north": {"uv": [6, 0, 4, 3], "texture": "#0"},
				"east": {"uv": [1, 0, 3, 3], "texture": "#0"},
				"south": {"uv": [6, 0, 4, 3], "texture": "#0"},
				"west": {"uv": [1, 0, 3, 3], "texture": "#0"}
			}
		},
		{
			"from": [5, 0, 5],
			"to": [6, 6, 11],
			"faces": {
				"north": {"uv": [10, 10, 11, 16], "texture": "#flowerpot"},
				"east": {"uv": [5, 10, 11, 16], "texture": "#flowerpot"},
				"south": {"uv": [5, 10, 6, 16], "texture": "#flowerpot"},
				"west": {"uv": [5, 10, 11, 16], "texture": "#flowerpot"},
				"up": {"uv": [5, 5, 6, 11], "texture": "#flowerpot"},
				"down": {"uv": [5, 5, 6, 11], "texture": "#flowerpot", "cullface": "down"}
			}
		},
		{
			"from": [10, 0, 5],
			"to": [11, 6, 11],
			"faces": {
				"north": {"uv": [5, 10, 6, 16], "texture": "#flowerpot"},
				"east": {"uv": [5, 10, 11, 16], "texture": "#flowerpot"},
				"south": {"uv": [10, 10, 11, 16], "texture": "#flowerpot"},
				"west": {"uv": [5, 10, 11, 16], "texture": "#flowerpot"},
				"up": {"uv": [10, 5, 11, 11], "texture": "#flowerpot"},
				"down": {"uv": [10, 5, 11, 11], "texture": "#flowerpot", "cullface": "down"}
			}
		},
		{
			"from": [6, 0, 5],
			"to": [10, 6, 6],
			"faces": {
				"north": {"uv": [6, 10, 10, 16], "texture": "#flowerpot"},
				"south": {"uv": [6, 10, 10, 16], "texture": "#flowerpot"},
				"up": {"uv": [6, 5, 10, 6], "texture": "#flowerpot"},
				"down": {"uv": [6, 10, 10, 11], "texture": "#flowerpot", "cullface": "down"}
			}
		},
		{
			"from": [6, 0, 10],
			"to": [10, 6, 11],
			"faces": {
				"north": {"uv": [6, 10, 10, 16], "texture": "#flowerpot"},
				"south": {"uv": [6, 10, 10, 16], "texture": "#flowerpot"},
				"up": {"uv": [6, 10, 10, 11], "texture": "#flowerpot"},
				"down": {"uv": [6, 5, 10, 6], "texture": "#flowerpot", "cullface": "down"}
			}
		},
		{
			"from": [6, 0, 6],
			"to": [10, 4, 10],
			"faces": {
				"up": {"uv": [6, 6, 10, 10], "texture": "#dirt"},
				"down": {"uv": [6, 12, 10, 16], "texture": "#flowerpot", "cullface": "down"}
			}
		}
	]
}