{
	"credit": "Made with Blockbench",
	"ambientocclusion": false,
	"textures": {
		"particle": "block/05rd_tripwire_powered",
		"line": "block/05rd_tripwire_powered"
	},
	"elements": [
		{
			"from": [7.5, 1, 0],
			"to": [8.5, 2, 8],
			"rotation": {"angle": 0, "axis": "y", "origin": [8, 1.5, 4]},
			"faces": {
				"north": {"uv": [9, 0, 10, 1], "texture": "#line", "cullface": "north", "tintindex": 0},
				"east": {"uv": [5, 0, 6, 8], "rotation": 90, "texture": "#line", "tintindex": 0},
				"west": {"uv": [5, 0, 6, 8], "rotation": 270, "texture": "#line", "tintindex": 0},
				"up": {"uv": [7, 0, 8, 8], "texture": "#line", "tintindex": 0},
				"down": {"uv": [7, 8, 8, 16], "texture": "#line", "tintindex": 0}
			}
		}
	]
}