{
	"credit": "Made with Blockbench",
	"ambientocclusion": false,
	"textures": {
		"hook": "block/tripwire_hook",
		"particle": "block/oak_planks",
		"wood": "block/oak_planks"
	},
	"elements": [
		{
			"from": [6.2, 3.73, 7.85],
			"to": [9.8, 4.53, 11.45],
			"rotation": {"angle": -45, "axis": "x", "origin": [8, 5.95, 5.15]},
			"faces": {
				"north": {"uv": [5, 3, 11, 4], "texture": "#hook"},
				"east": {"uv": [5, 3, 11, 4], "texture": "#hook"},
				"south": {"uv": [5, 8, 11, 9], "texture": "#hook"},
				"west": {"uv": [5, 8, 11, 9], "texture": "#hook"},
				"up": {"uv": [5, 3, 11, 9], "texture": "#hook"},
				"down": {"uv": [5, 3, 11, 9], "texture": "#hook"}
			}
		},
		{
			"from": [7.4, 3.73, 10.25],
			"to": [8.6, 4.53, 10.25],
			"rotation": {"angle": -45, "axis": "x", "origin": [8, 5.95, 5.15]},
			"faces": {
				"north": {"uv": [7, 8, 9, 9], "texture": "#hook"}
			}
		},
		{
			"from": [7.4, 3.73, 9.05],
			"to": [8.6, 4.53, 9.05],
			"rotation": {"angle": -45, "axis": "x", "origin": [8, 5.95, 5.15]},
			"faces": {
				"south": {"uv": [7, 3, 9, 4], "texture": "#hook"}
			}
		},
		{
			"from": [7.4, 3.73, 9.05],
			"to": [7.4, 4.53, 10.25],
			"rotation": {"angle": -45, "axis": "x", "origin": [8, 5.95, 5.15]},
			"faces": {
				"east": {"uv": [7, 8, 9, 9], "texture": "#hook"}
			}
		},
		{
			"from": [8.6, 3.73, 9.05],
			"to": [8.6, 4.53, 10.25],
			"rotation": {"angle": -45, "axis": "x", "origin": [8, 5.95, 5.15]},
			"faces": {
				"west": {"uv": [7, 3, 9, 4], "texture": "#hook"}
			}
		},
		{
			"from": [7.4, 5.2, 10],
			"to": [8.8, 6.8, 14],
			"rotation": {"angle": 45, "axis": "x", "origin": [8, 6, 14]},
			"faces": {
				"north": {"uv": [9, 14, 7, 16], "rotation": 180, "texture": "#hook"},
				"east": {"uv": [9, 10, 7, 15], "rotation": 270, "texture": "#hook"},
				"south": {"uv": [9, 9, 7, 11], "texture": "#hook"},
				"west": {"uv": [9, 10, 7, 15], "rotation": 90, "texture": "#hook"},
				"up": {"uv": [9, 10, 7, 15], "texture": "#hook"},
				"down": {"uv": [9, 10, 7, 15], "rotation": 180, "texture": "#hook"}
			}
		},
		{
			"from": [6, 1, 14],
			"to": [10, 9, 16],
			"faces": {
				"north": {"uv": [6, 6, 10, 14], "texture": "#wood"},
				"east": {"uv": [14, 6, 16, 14], "texture": "#wood"},
				"south": {"uv": [6, 6, 10, 14], "texture": "#wood", "cullface": "south"},
				"west": {"uv": [0, 6, 2, 14], "texture": "#wood"},
				"up": {"uv": [6, 0, 10, 2], "texture": "#wood"},
				"down": {"uv": [6, 14, 10, 16], "texture": "#wood"}
			}
		}
	]
}