{
	"credit": "Made with Blockbench",
	"ambientocclusion": false,
	"textures": {
		"particle": "block/05rd_redstone_dust_line",
		"line": "block/05rd_redstone_dust_line"
	},
	"elements": [
		{
			"from": [6, 0, 8],
			"to": [10, 1, 16],
			"rotation": {"angle": 0, "axis": "y", "origin": [8, 0.5, 12]},
			"faces": {
				"east": {"uv": [4, 8, 5, 16], "rotation": 90, "texture": "#line", "tintindex": 0},
				"south": {"uv": [11, 0, 15, 1], "texture": "#line", "cullface": "south", "tintindex": 0},
				"west": {"uv": [4, 8, 5, 16], "rotation": 270, "texture": "#line", "tintindex": 0},
				"up": {"uv": [6, 8, 10, 16], "texture": "#line", "tintindex": 0},
				"down": {"uv": [6, 0, 10, 8], "texture": "#line", "cullface": "down", "tintindex": 0}
			}
		}
	]
}