{
    "parent": "block/block",
    "elements": [
        {   "from": [  0,  0,  0 ],
            "to":   [ 16, 16, 16 ],
            "faces": {
                "down":  { "texture": "#side", "cullface": "down" , "rotation": 90  },
                "up":    { "texture": "#side", "cullface": "up"   , "rotation": 90  },
                "north": { "texture": "#side", "cullface": "north", "rotation": 270 },
                "south": { "texture": "#side", "cullface": "south", "rotation": 90  },
                "west":  { "texture": "#top",  "cullface": "west"  },
                "east":  { "texture": "#top",  "cullface": "east"  }
            }
        }
    ],
    "textures": { "particle": "#side" }
}
