{
  "multipart": [
    {"apply": {"model": "minecraft:block/calibrated_sculk_sensor_active", "y": 90 },
    "when": {"sculk_sensor_phase": "active", "facing": "east"}},
    {"apply": {"model": "minecraft:block/calibrated_sculk_sensor_active", "y": 90 },
    "when": {"sculk_sensor_phase": "cooldown", "facing": "east"}},
    {"apply": {"model": "minecraft:block/calibrated_sculk_sensor_inactive", "y": 90 },
    "when": {"sculk_sensor_phase": "inactive", "facing": "east"}},

    {"apply": {"model": "minecraft:block/calibrated_sculk_sensor_active", "y": 0 },
    "when": {"sculk_sensor_phase": "active", "facing": "north"}},
    {"apply": {"model": "minecraft:block/calibrated_sculk_sensor_active", "y": 0 },
    "when": {"sculk_sensor_phase": "cooldown", "facing": "north"}},
    {"apply": {"model": "minecraft:block/calibrated_sculk_sensor_inactive", "y": 0 },
    "when": {"sculk_sensor_phase": "inactive", "facing": "north"}},

    {"apply": {"model": "minecraft:block/calibrated_sculk_sensor_active", "y": 180 },
    "when": {"sculk_sensor_phase": "active", "facing": "south"}},
    {"apply": {"model": "minecraft:block/calibrated_sculk_sensor_active", "y": 180 },
    "when": {"sculk_sensor_phase": "cooldown", "facing": "south"}},
    {"apply": {"model": "minecraft:block/calibrated_sculk_sensor_inactive", "y": 180 },
    "when": {"sculk_sensor_phase": "inactive", "facing": "south"}},

    {"apply": {"model": "minecraft:block/calibrated_sculk_sensor_active", "y": 270 },
    "when": {"sculk_sensor_phase": "active", "facing": "west"}},
    {"apply": {"model": "minecraft:block/calibrated_sculk_sensor_active", "y": 270 },
    "when": {"sculk_sensor_phase": "cooldown", "facing": "west"}},
    {"apply": {"model": "minecraft:block/calibrated_sculk_sensor_inactive", "y": 270 },
    "when": {"sculk_sensor_phase": "inactive", "facing": "west"}},

    {"apply": {"model": "minecraft:block/05rd_sculk_sensor_calibrated_0", "y": 90 },
    "when": {"sculk_sensor_phase": "cooldown", "facing": "east"}},
    {"apply": {"model": "minecraft:block/05rd_sculk_sensor_calibrated_0", "y": 90 },
    "when": {"power": "0", "sculk_sensor_phase": "active", "facing": "east"}},
    {"apply": {"model": "minecraft:block/05rd_sculk_sensor_calibrated_1", "y": 90 },
    "when": {"power": "1", "sculk_sensor_phase": "active", "facing": "east"}},
    {"apply": {"model": "minecraft:block/05rd_sculk_sensor_calibrated_2", "y": 90 },
    "when": {"power": "2", "sculk_sensor_phase": "active", "facing": "east"}},
    {"apply": {"model": "minecraft:block/05rd_sculk_sensor_calibrated_3", "y": 90 },
    "when": {"power": "3", "sculk_sensor_phase": "active", "facing": "east"}},
    {"apply": {"model": "minecraft:block/05rd_sculk_sensor_calibrated_4", "y": 90 },
    "when": {"power": "4", "sculk_sensor_phase": "active", "facing": "east"}},
    {"apply": {"model": "minecraft:block/05rd_sculk_sensor_calibrated_5", "y": 90 },
    "when": {"power": "5", "sculk_sensor_phase": "active", "facing": "east"}},
    {"apply": {"model": "minecraft:block/05rd_sculk_sensor_calibrated_6", "y": 90 },
    "when": {"power": "6", "sculk_sensor_phase": "active", "facing": "east"}},
    {"apply": {"model": "minecraft:block/05rd_sculk_sensor_calibrated_7", "y": 90 },
    "when": {"power": "7", "sculk_sensor_phase": "active", "facing": "east"}},
    {"apply": {"model": "minecraft:block/05rd_sculk_sensor_calibrated_8", "y": 90 },
    "when": {"power": "8", "sculk_sensor_phase": "active", "facing": "east"}},
    {"apply": {"model": "minecraft:block/05rd_sculk_sensor_calibrated_9", "y": 90 },
    "when": {"power": "9", "sculk_sensor_phase": "active", "facing": "east"}},
    {"apply": {"model": "minecraft:block/05rd_sculk_sensor_calibrated_10", "y": 90 },
    "when": {"power": "10", "sculk_sensor_phase": "active", "facing": "east"}},
    {"apply": {"model": "minecraft:block/05rd_sculk_sensor_calibrated_11", "y": 90 },
    "when": {"power": "11", "sculk_sensor_phase": "active", "facing": "east"}},
    {"apply": {"model": "minecraft:block/05rd_sculk_sensor_calibrated_12", "y": 90 },
    "when": {"power": "12", "sculk_sensor_phase": "active", "facing": "east"}},
    {"apply": {"model": "minecraft:block/05rd_sculk_sensor_calibrated_13", "y": 90 },
    "when": {"power": "13", "sculk_sensor_phase": "active", "facing": "east"}},
    {"apply": {"model": "minecraft:block/05rd_sculk_sensor_calibrated_14", "y": 90 },
    "when": {"power": "14", "sculk_sensor_phase": "active", "facing": "east"}},
    {"apply": {"model": "minecraft:block/05rd_sculk_sensor_calibrated_15", "y": 90 },
    "when": {"power": "15", "sculk_sensor_phase": "active", "facing": "east"}},

    {"apply": {"model": "minecraft:block/05rd_sculk_sensor_calibrated_0"},
    "when": {"sculk_sensor_phase": "cooldown", "facing": "north"}},
    {"apply": {"model": "minecraft:block/05rd_sculk_sensor_calibrated_0"},
    "when": {"power": "0", "sculk_sensor_phase": "active", "facing": "north"}},
    {"apply": {"model": "minecraft:block/05rd_sculk_sensor_calibrated_1"},
    "when": {"power": "1", "sculk_sensor_phase": "active", "facing": "north"}},
    {"apply": {"model": "minecraft:block/05rd_sculk_sensor_calibrated_2"},
    "when": {"power": "2", "sculk_sensor_phase": "active", "facing": "north"}},
    {"apply": {"model": "minecraft:block/05rd_sculk_sensor_calibrated_3"},
    "when": {"power": "3", "sculk_sensor_phase": "active", "facing": "north"}},
    {"apply": {"model": "minecraft:block/05rd_sculk_sensor_calibrated_4"},
    "when": {"power": "4", "sculk_sensor_phase": "active", "facing": "north"}},
    {"apply": {"model": "minecraft:block/05rd_sculk_sensor_calibrated_5"},
    "when": {"power": "5", "sculk_sensor_phase": "active", "facing": "north"}},
    {"apply": {"model": "minecraft:block/05rd_sculk_sensor_calibrated_6"},
    "when": {"power": "6", "sculk_sensor_phase": "active", "facing": "north"}},
    {"apply": {"model": "minecraft:block/05rd_sculk_sensor_calibrated_7"},
    "when": {"power": "7", "sculk_sensor_phase": "active", "facing": "north"}},
    {"apply": {"model": "minecraft:block/05rd_sculk_sensor_calibrated_8"},
    "when": {"power": "8", "sculk_sensor_phase": "active", "facing": "north"}},
    {"apply": {"model": "minecraft:block/05rd_sculk_sensor_calibrated_9"},
    "when": {"power": "9", "sculk_sensor_phase": "active", "facing": "north"}},
    {"apply": {"model": "minecraft:block/05rd_sculk_sensor_calibrated_10"},
    "when": {"power": "10", "sculk_sensor_phase": "active", "facing": "north"}},
    {"apply": {"model": "minecraft:block/05rd_sculk_sensor_calibrated_11"},
    "when": {"power": "11", "sculk_sensor_phase": "active", "facing": "north"}},
    {"apply": {"model": "minecraft:block/05rd_sculk_sensor_calibrated_12"},
    "when": {"power": "12", "sculk_sensor_phase": "active", "facing": "north"}},
    {"apply": {"model": "minecraft:block/05rd_sculk_sensor_calibrated_13"},
    "when": {"power": "13", "sculk_sensor_phase": "active", "facing": "north"}},
    {"apply": {"model": "minecraft:block/05rd_sculk_sensor_calibrated_14"},
    "when": {"power": "14", "sculk_sensor_phase": "active", "facing": "north"}},
    {"apply": {"model": "minecraft:block/05rd_sculk_sensor_calibrated_15"},
    "when": {"power": "15", "sculk_sensor_phase": "active", "facing": "north"}},

    {"apply": {"model": "minecraft:block/05rd_sculk_sensor_calibrated_0", "y": 180 },
    "when": {"sculk_sensor_phase": "cooldown", "facing": "south"}},
    {"apply": {"model": "minecraft:block/05rd_sculk_sensor_calibrated_0", "y": 180 },
    "when": {"power": "0", "sculk_sensor_phase": "active", "facing": "south"}},
    {"apply": {"model": "minecraft:block/05rd_sculk_sensor_calibrated_1", "y": 180 },
    "when": {"power": "1", "sculk_sensor_phase": "active", "facing": "south"}},
    {"apply": {"model": "minecraft:block/05rd_sculk_sensor_calibrated_2", "y": 180 },
    "when": {"power": "2", "sculk_sensor_phase": "active", "facing": "south"}},
    {"apply": {"model": "minecraft:block/05rd_sculk_sensor_calibrated_3", "y": 180 },
    "when": {"power": "3", "sculk_sensor_phase": "active", "facing": "south"}},
    {"apply": {"model": "minecraft:block/05rd_sculk_sensor_calibrated_4", "y": 180 },
    "when": {"power": "4", "sculk_sensor_phase": "active", "facing": "south"}},
    {"apply": {"model": "minecraft:block/05rd_sculk_sensor_calibrated_5", "y": 180 },
    "when": {"power": "5", "sculk_sensor_phase": "active", "facing": "south"}},
    {"apply": {"model": "minecraft:block/05rd_sculk_sensor_calibrated_6", "y": 180 },
    "when": {"power": "6", "sculk_sensor_phase": "active", "facing": "south"}},
    {"apply": {"model": "minecraft:block/05rd_sculk_sensor_calibrated_7", "y": 180 },
    "when": {"power": "7", "sculk_sensor_phase": "active", "facing": "south"}},
    {"apply": {"model": "minecraft:block/05rd_sculk_sensor_calibrated_8", "y": 180 },
    "when": {"power": "8", "sculk_sensor_phase": "active", "facing": "south"}},
    {"apply": {"model": "minecraft:block/05rd_sculk_sensor_calibrated_9", "y": 180 },
    "when": {"power": "9", "sculk_sensor_phase": "active", "facing": "south"}},
    {"apply": {"model": "minecraft:block/05rd_sculk_sensor_calibrated_10", "y": 180 },
    "when": {"power": "10", "sculk_sensor_phase": "active", "facing": "south"}},
    {"apply": {"model": "minecraft:block/05rd_sculk_sensor_calibrated_11", "y": 180 },
    "when": {"power": "11", "sculk_sensor_phase": "active", "facing": "south"}},
    {"apply": {"model": "minecraft:block/05rd_sculk_sensor_calibrated_12", "y": 180 },
    "when": {"power": "12", "sculk_sensor_phase": "active", "facing": "south"}},
    {"apply": {"model": "minecraft:block/05rd_sculk_sensor_calibrated_13", "y": 180 },
    "when": {"power": "13", "sculk_sensor_phase": "active", "facing": "south"}},
    {"apply": {"model": "minecraft:block/05rd_sculk_sensor_calibrated_14", "y": 180 },
    "when": {"power": "14", "sculk_sensor_phase": "active", "facing": "south"}},
    {"apply": {"model": "minecraft:block/05rd_sculk_sensor_calibrated_15", "y": 180 },
    "when": {"power": "15", "sculk_sensor_phase": "active", "facing": "south"}},

    {"apply": {"model": "minecraft:block/05rd_sculk_sensor_calibrated_0", "y": 270 },
    "when": {"sculk_sensor_phase": "cooldown", "facing": "west"}},
    {"apply": {"model": "minecraft:block/05rd_sculk_sensor_calibrated_0", "y": 270 },
    "when": {"power": "0", "sculk_sensor_phase": "active", "facing": "west"}},
    {"apply": {"model": "minecraft:block/05rd_sculk_sensor_calibrated_1", "y": 270 },
    "when": {"power": "1", "sculk_sensor_phase": "active", "facing": "west"}},
    {"apply": {"model": "minecraft:block/05rd_sculk_sensor_calibrated_2", "y": 270 },
    "when": {"power": "2", "sculk_sensor_phase": "active", "facing": "west"}},
    {"apply": {"model": "minecraft:block/05rd_sculk_sensor_calibrated_3", "y": 270 },
    "when": {"power": "3", "sculk_sensor_phase": "active", "facing": "west"}},
    {"apply": {"model": "minecraft:block/05rd_sculk_sensor_calibrated_4", "y": 270 },
    "when": {"power": "4", "sculk_sensor_phase": "active", "facing": "west"}},
    {"apply": {"model": "minecraft:block/05rd_sculk_sensor_calibrated_5", "y": 270 },
    "when": {"power": "5", "sculk_sensor_phase": "active", "facing": "west"}},
    {"apply": {"model": "minecraft:block/05rd_sculk_sensor_calibrated_6", "y": 270 },
    "when": {"power": "6", "sculk_sensor_phase": "active", "facing": "west"}},
    {"apply": {"model": "minecraft:block/05rd_sculk_sensor_calibrated_7", "y": 270 },
    "when": {"power": "7", "sculk_sensor_phase": "active", "facing": "west"}},
    {"apply": {"model": "minecraft:block/05rd_sculk_sensor_calibrated_8", "y": 270 },
    "when": {"power": "8", "sculk_sensor_phase": "active", "facing": "west"}},
    {"apply": {"model": "minecraft:block/05rd_sculk_sensor_calibrated_9", "y": 270 },
    "when": {"power": "9", "sculk_sensor_phase": "active", "facing": "west"}},
    {"apply": {"model": "minecraft:block/05rd_sculk_sensor_calibrated_10", "y": 270 },
    "when": {"power": "10", "sculk_sensor_phase": "active", "facing": "west"}},
    {"apply": {"model": "minecraft:block/05rd_sculk_sensor_calibrated_11", "y": 270 },
    "when": {"power": "11", "sculk_sensor_phase": "active", "facing": "west"}},
    {"apply": {"model": "minecraft:block/05rd_sculk_sensor_calibrated_12", "y": 270 },
    "when": {"power": "12", "sculk_sensor_phase": "active", "facing": "west"}},
    {"apply": {"model": "minecraft:block/05rd_sculk_sensor_calibrated_13", "y": 270 },
    "when": {"power": "13", "sculk_sensor_phase": "active", "facing": "west"}},
    {"apply": {"model": "minecraft:block/05rd_sculk_sensor_calibrated_14", "y": 270 },
    "when": {"power": "14", "sculk_sensor_phase": "active", "facing": "west"}},
    {"apply": {"model": "minecraft:block/05rd_sculk_sensor_calibrated_15", "y": 270 },
    "when": {"power": "15", "sculk_sensor_phase": "active", "facing": "west"}}
  ]
}