{
  "variants": {
    "face=ceiling,facing=east,powered=false": {
      "model": "minecraft:block/05rd_button_crimson",
      "x": 180,
      "y": 270
    },
    "face=ceiling,facing=east,powered=true": {
      "model": "minecraft:block/05rd_button_crimson_pressed",
      "x": 180,
      "y": 270
    },
    "face=ceiling,facing=north,powered=false": {
      "model": "minecraft:block/05rd_button_crimson",
      "x": 180,
      "y": 180
    },
    "face=ceiling,facing=north,powered=true": {
      "model": "minecraft:block/05rd_button_crimson_pressed",
      "x": 180,
      "y": 180
    },
    "face=ceiling,facing=south,powered=false": {
      "model": "minecraft:block/05rd_button_crimson",
      "x": 180
    },
    "face=ceiling,facing=south,powered=true": {
      "model": "minecraft:block/05rd_button_crimson_pressed",
      "x": 180
    },
    "face=ceiling,facing=west,powered=false": {
      "model": "minecraft:block/05rd_button_crimson",
      "x": 180,
      "y": 90
    },
    "face=ceiling,facing=west,powered=true": {
      "model": "minecraft:block/05rd_button_crimson_pressed",
      "x": 180,
      "y": 90
    },
    "face=floor,facing=east,powered=false": {
      "model": "minecraft:block/05rd_button_crimson",
      "y": 90
    },
    "face=floor,facing=east,powered=true": {
      "model": "minecraft:block/05rd_button_crimson_pressed",
      "y": 90
    },
    "face=floor,facing=north,powered=false": {
      "model": "minecraft:block/05rd_button_crimson"
    },
    "face=floor,facing=north,powered=true": {
      "model": "minecraft:block/05rd_button_crimson_pressed"
    },
    "face=floor,facing=south,powered=false": {
      "model": "minecraft:block/05rd_button_crimson",
      "y": 180
    },
    "face=floor,facing=south,powered=true": {
      "model": "minecraft:block/05rd_button_crimson_pressed",
      "y": 180
    },
    "face=floor,facing=west,powered=false": {
      "model": "minecraft:block/05rd_button_crimson",
      "y": 270
    },
    "face=floor,facing=west,powered=true": {
      "model": "minecraft:block/05rd_button_crimson_pressed",
      "y": 270
    },
    "face=wall,facing=east,powered=false": {
      "model": "minecraft:block/05rd_button_crimson",
      "uvlock": true,
      "x": 90,
      "y": 90
    },
    "face=wall,facing=east,powered=true": {
      "model": "minecraft:block/05rd_button_crimson_pressed",
      "uvlock": true,
      "x": 90,
      "y": 90
    },
    "face=wall,facing=north,powered=false": {
      "model": "minecraft:block/05rd_button_crimson",
      "uvlock": true,
      "x": 90
    },
    "face=wall,facing=north,powered=true": {
      "model": "minecraft:block/05rd_button_crimson_pressed",
      "uvlock": true,
      "x": 90
    },
    "face=wall,facing=south,powered=false": {
      "model": "minecraft:block/05rd_button_crimson",
      "uvlock": true,
      "x": 90,
      "y": 180
    },
    "face=wall,facing=south,powered=true": {
      "model": "minecraft:block/05rd_button_crimson_pressed",
      "uvlock": true,
      "x": 90,
      "y": 180
    },
    "face=wall,facing=west,powered=false": {
      "model": "minecraft:block/05rd_button_crimson",
      "uvlock": true,
      "x": 90,
      "y": 270
    },
    "face=wall,facing=west,powered=true": {
      "model": "minecraft:block/05rd_button_crimson_pressed",
      "uvlock": true,
      "x": 90,
      "y": 270
    }
  }
}