{
  "variants": {
    "facing=down,enabled=true": {"model": "minecraft:block/05rd_hopper"},
    "facing=east,enabled=true": {"model": "minecraft:block/05rd_hopper_side","y": 90},
    "facing=north,enabled=true": {"model": "minecraft:block/05rd_hopper_side"},
    "facing=south,enabled=true": {"model": "minecraft:block/05rd_hopper_side","y": 180},
    "facing=west,enabled=true": {"model": "minecraft:block/05rd_hopper_side","y": 270},

    "facing=down,enabled=false": {"model": "minecraft:block/05rd_hopper_on"},
    "facing=east,enabled=false": {"model": "minecraft:block/05rd_hopper_side_on","y": 90},
    "facing=north,enabled=false": {"model": "minecraft:block/05rd_hopper_side_on"},
    "facing=south,enabled=false": {"model": "minecraft:block/05rd_hopper_side_on","y": 180},
    "facing=west,enabled=false": {"model": "minecraft:block/05rd_hopper_side_on","y": 270}
  }
}