{
  "variants": {
    "distance=7,persistent=false,waterlogged=false": [
      {"model": "minecraft:block/05rd_drying_oak_leaves", "weight":1, "y": 0 },
      {"model": "minecraft:block/05rd_drying_oak_leaves", "weight":1, "y": 90 },
      {"model": "minecraft:block/05rd_drying_oak_leaves", "weight":1, "y": 180 },
      {"model": "minecraft:block/05rd_drying_oak_leaves", "weight":1, "y": 270 }
    ],
    "distance=7,persistent=false,waterlogged=true": [
      {"model": "minecraft:block/05rd_drying_oak_leaves_waterlogged", "weight":1, "y": 0 },
      {"model": "minecraft:block/05rd_drying_oak_leaves_waterlogged", "weight":1, "y": 90 },
      {"model": "minecraft:block/05rd_drying_oak_leaves_waterlogged", "weight":1, "y": 180 },
      {"model": "minecraft:block/05rd_drying_oak_leaves_waterlogged", "weight":1, "y": 270 }
    ]
  }
}