{
  "variants": {
    "extended=false,facing=down": {
      "model": "minecraft:block/05rd_piston_piston",
      "x": 90
    },
    "extended=false,facing=east": {
      "model": "minecraft:block/05rd_piston_piston",
      "y": 90
    },
    "extended=false,facing=north": {
      "model": "minecraft:block/05rd_piston_piston"
    },
    "extended=false,facing=south": {
      "model": "minecraft:block/05rd_piston_piston",
      "y": 180
    },
    "extended=false,facing=up": {
      "model": "minecraft:block/05rd_piston_piston",
      "x": 270
    },
    "extended=false,facing=west": {
      "model": "minecraft:block/05rd_piston_piston",
      "y": 270
    },
    "extended=true,facing=down": {
      "model": "minecraft:block/05rd_piston_piston_base_on",
      "x": 90
    },
    "extended=true,facing=east": {
      "model": "minecraft:block/05rd_piston_piston_base_on",
      "y": 90
    },
    "extended=true,facing=north": {
      "model": "minecraft:block/05rd_piston_piston_base_on"
    },
    "extended=true,facing=south": {
      "model": "minecraft:block/05rd_piston_piston_base_on",
      "y": 180
    },
    "extended=true,facing=up": {
      "model": "minecraft:block/05rd_piston_piston_base_on",
      "x": 270
    },
    "extended=true,facing=west": {
      "model": "minecraft:block/05rd_piston_piston_base_on",
      "y": 270
    }
  }
}