{
  "multipart": [
    {"apply": {"model": "minecraft:block/sculk_sensor_active"},
    "when": {"sculk_sensor_phase": "active"}},
    {"apply": {"model": "minecraft:block/sculk_sensor_active"},
    "when": {"sculk_sensor_phase": "cooldown"}},
    {"apply": {"model": "minecraft:block/sculk_sensor_inactive"},
    "when": {"sculk_sensor_phase": "inactive"}},

    {"apply": {"model": "minecraft:block/05rd_sculk_sensor_0"},
    "when": {"sculk_sensor_phase": "cooldown"}},
    {"apply": {"model": "minecraft:block/05rd_sculk_sensor_0"},
    "when": {"power": "0", "sculk_sensor_phase": "active"}},
    {"apply": {"model": "minecraft:block/05rd_sculk_sensor_1"},
    "when": {"power": "1", "sculk_sensor_phase": "active"}},
    {"apply": {"model": "minecraft:block/05rd_sculk_sensor_2"},
    "when": {"power": "2", "sculk_sensor_phase": "active"}},
    {"apply": {"model": "minecraft:block/05rd_sculk_sensor_3"},
    "when": {"power": "3", "sculk_sensor_phase": "active"}},
    {"apply": {"model": "minecraft:block/05rd_sculk_sensor_4"},
    "when": {"power": "4", "sculk_sensor_phase": "active"}},
    {"apply": {"model": "minecraft:block/05rd_sculk_sensor_5"},
    "when": {"power": "5", "sculk_sensor_phase": "active"}},
    {"apply": {"model": "minecraft:block/05rd_sculk_sensor_6"},
    "when": {"power": "6", "sculk_sensor_phase": "active"}},
    {"apply": {"model": "minecraft:block/05rd_sculk_sensor_7"},
    "when": {"power": "7", "sculk_sensor_phase": "active"}},
    {"apply": {"model": "minecraft:block/05rd_sculk_sensor_8"},
    "when": {"power": "8", "sculk_sensor_phase": "active"}},
    {"apply": {"model": "minecraft:block/05rd_sculk_sensor_9"},
    "when": {"power": "9", "sculk_sensor_phase": "active"}},
    {"apply": {"model": "minecraft:block/05rd_sculk_sensor_10"},
    "when": {"power": "10", "sculk_sensor_phase": "active"}},
    {"apply": {"model": "minecraft:block/05rd_sculk_sensor_11"},
    "when": {"power": "11", "sculk_sensor_phase": "active"}},
    {"apply": {"model": "minecraft:block/05rd_sculk_sensor_12"},
    "when": {"power": "12", "sculk_sensor_phase": "active"}},
    {"apply": {"model": "minecraft:block/05rd_sculk_sensor_13"},
    "when": {"power": "13", "sculk_sensor_phase": "active"}},
    {"apply": {"model": "minecraft:block/05rd_sculk_sensor_14"},
    "when": {"power": "14", "sculk_sensor_phase": "active"}},
    {"apply": {"model": "minecraft:block/05rd_sculk_sensor_15"},
    "when": {"power": "15", "sculk_sensor_phase": "active"}}
  ]
}