{
  "variants": {
    "facing=east,honey_level=0": {
      "model": "minecraft:block/05rd_beehive_0",
      "y": 90
    },
    "facing=east,honey_level=1": {
      "model": "minecraft:block/05rd_beehive_1",
      "y": 90
    },
    "facing=east,honey_level=2": {
      "model": "minecraft:block/05rd_beehive_2",
      "y": 90
    },
    "facing=east,honey_level=3": {
      "model": "minecraft:block/05rd_beehive_3",
      "y": 90
    },
    "facing=east,honey_level=4": {
      "model": "minecraft:block/05rd_beehive_4",
      "y": 90
    },
    "facing=east,honey_level=5": {
      "model": "minecraft:block/05rd_beehive_5",
      "y": 90
    },
    "facing=north,honey_level=0": {
      "model": "minecraft:block/05rd_beehive_0"
    },
    "facing=north,honey_level=1": {
      "model": "minecraft:block/05rd_beehive_1"
    },
    "facing=north,honey_level=2": {
      "model": "minecraft:block/05rd_beehive_2"
    },
    "facing=north,honey_level=3": {
      "model": "minecraft:block/05rd_beehive_3"
    },
    "facing=north,honey_level=4": {
      "model": "minecraft:block/05rd_beehive_4"
    },
    "facing=north,honey_level=5": {
      "model": "minecraft:block/05rd_beehive_5"
    },
    "facing=south,honey_level=0": {
      "model": "minecraft:block/05rd_beehive_0",
      "y": 180
    },
    "facing=south,honey_level=1": {
      "model": "minecraft:block/05rd_beehive_1",
      "y": 180
    },
    "facing=south,honey_level=2": {
      "model": "minecraft:block/05rd_beehive_2",
      "y": 180
    },
    "facing=south,honey_level=3": {
      "model": "minecraft:block/05rd_beehive_3",
      "y": 180
    },
    "facing=south,honey_level=4": {
      "model": "minecraft:block/05rd_beehive_4",
      "y": 180
    },
    "facing=south,honey_level=5": {
      "model": "minecraft:block/05rd_beehive_5",
      "y": 180
    },
    "facing=west,honey_level=0": {
      "model": "minecraft:block/05rd_beehive_0",
      "y": 270
    },
    "facing=west,honey_level=1": {
      "model": "minecraft:block/05rd_beehive_1",
      "y": 270
    },
    "facing=west,honey_level=2": {
      "model": "minecraft:block/05rd_beehive_2",
      "y": 270
    },
    "facing=west,honey_level=3": {
      "model": "minecraft:block/05rd_beehive_3",
      "y": 270
    },
    "facing=west,honey_level=4": {
      "model": "minecraft:block/05rd_beehive_4",
      "y": 270
    },
    "facing=west,honey_level=5": {
      "model": "minecraft:block/05rd_beehive_5",
      "y": 270
    }
  }
}