{
  "variants": {
    "level=0": {
      "model": "minecraft:block/05rd_composter_0"
    },
    "level=1": {
      "model": "minecraft:block/05rd_composter_1"
    },
    "level=2": {
      "model": "minecraft:block/05rd_composter_2"
    },
    "level=3": {
      "model": "minecraft:block/05rd_composter_3"
    },
    "level=4": {
      "model": "minecraft:block/05rd_composter_4"
    },
    "level=5": {
      "model": "minecraft:block/05rd_composter_5"
    },
    "level=6": {
      "model": "minecraft:block/05rd_composter_6"
    },
    "level=7": {
      "model": "minecraft:block/05rd_composter_7"
    },
    "level=8": {
      "model": "minecraft:block/05rd_composter_8"
    }
  }
}