{
  "multipart": [
    {"apply": {"model": "minecraft:block/stone_bricks"}},
    {"apply": {"model": "minecraft:block/05rd_infested_block"}},
    {"apply": {"model": "minecraft:block/05rd_infested_block", "x": 180}},
    {"apply": {"model": "minecraft:block/05rd_infested_block", "x": 270}},
    {"apply": {"model": "minecraft:block/05rd_infested_block", "x": 270, "y":90}},
    {"apply": {"model": "minecraft:block/05rd_infested_block", "x": 270, "y":180}},
    {"apply": {"model": "minecraft:block/05rd_infested_block", "x": 270, "y":270}}
  ]
}