{
  "multipart": [
    {"apply": {"model": "minecraft:block/deepslate"},"when": {"axis": "y"}},
    {"apply": {"model": "minecraft:block/deepslate","x": 90, "y": 90},"when": {"axis": "x"}},
    {"apply": {"model": "minecraft:block/deepslate","x": 90},"when": {"axis": "z"}},


    {"apply": {"model": "minecraft:block/05rd_infested_block"}},
    {"apply": {"model": "minecraft:block/05rd_infested_block", "x": 180}},
    {"apply": {"model": "minecraft:block/05rd_infested_block", "x": 270}},
    {"apply": {"model": "minecraft:block/05rd_infested_block", "x": 270, "y":90}},
    {"apply": {"model": "minecraft:block/05rd_infested_block", "x": 270, "y":180}},
    {"apply": {"model": "minecraft:block/05rd_infested_block", "x": 270, "y":270}}
  ]
}