{
  "variants": {
    "power=0": {"model": "minecraft:block/05rd_pressure_plate_light_weighted_0"},
    "power=1": {"model": "minecraft:block/05rd_pressure_plate_light_weighted_1"},
    "power=2": {"model": "minecraft:block/05rd_pressure_plate_light_weighted_2"},
    "power=3": {"model": "minecraft:block/05rd_pressure_plate_light_weighted_3"},
    "power=4": {"model": "minecraft:block/05rd_pressure_plate_light_weighted_4"},
    "power=5": {"model": "minecraft:block/05rd_pressure_plate_light_weighted_5"},
    "power=6": {"model": "minecraft:block/05rd_pressure_plate_light_weighted_6"},
    "power=7": {"model": "minecraft:block/05rd_pressure_plate_light_weighted_7"},
    "power=8": {"model": "minecraft:block/05rd_pressure_plate_light_weighted_8"},
    "power=9": {"model": "minecraft:block/05rd_pressure_plate_light_weighted_9"},
    "power=10": {"model": "minecraft:block/05rd_pressure_plate_light_weighted_10"},
    "power=11": {"model": "minecraft:block/05rd_pressure_plate_light_weighted_11"},
    "power=12": {"model": "minecraft:block/05rd_pressure_plate_light_weighted_12"},
    "power=13": {"model": "minecraft:block/05rd_pressure_plate_light_weighted_13"},
    "power=14": {"model": "minecraft:block/05rd_pressure_plate_light_weighted_14"},
    "power=15": {"model": "minecraft:block/05rd_pressure_plate_light_weighted_15"}
  }
}