{
  "multipart": [
    {
      "apply": {"model": "minecraft:block/05rd_digits_0"},
      "when": {"power": "0"}
    },
    {
      "apply": {"model": "minecraft:block/05rd_digits_1"},
      "when": {"power": "1"}
    },
    {
      "apply": {"model": "minecraft:block/05rd_digits_2"},
      "when": {"power": "2"}
    },
    {
      "apply": {"model": "minecraft:block/05rd_digits_3"},
      "when": {"power": "3"}
    },
    {
      "apply": {"model": "minecraft:block/05rd_digits_4"},
      "when": {"power": "4"}
    },
    {
      "apply": {"model": "minecraft:block/05rd_digits_5"},
      "when": {"power": "5"}
    },
    {
      "apply": {"model": "minecraft:block/05rd_digits_6"},
      "when": {"power": "6"}
    },
    {
      "apply": {"model": "minecraft:block/05rd_digits_7"},
      "when": {"power": "7"}
    },
    {
      "apply": {"model": "minecraft:block/05rd_digits_8"},
      "when": {"power": "8"}
    },
    {
      "apply": {"model": "minecraft:block/05rd_digits_9"},
      "when": {"power": "9"}
    },
    {
      "apply": {"model": "minecraft:block/05rd_digits_10"},
      "when": {"power": "10"}
    },
    {
      "apply": {"model": "minecraft:block/05rd_digits_11"},
      "when": {"power": "11"}
    },
    {
      "apply": {"model": "minecraft:block/05rd_digits_12"},
      "when": {"power": "12"}
    },
    {
      "apply": {"model": "minecraft:block/05rd_digits_13"},
      "when": {"power": "13"}
    },
    {
      "apply": {"model": "minecraft:block/05rd_digits_14"},
      "when": {"power": "14"}
    },
    {
      "apply": {"model": "minecraft:block/05rd_digits_15"},
      "when": {"power": "15"}
    },
    {
      "apply": {
        "model": "minecraft:block/05rd_redstone_dust_dot"
      },
      "when": {
        "OR": [
          {
            "east": "none",
            "north": "none",
            "south": "none",
            "west": "none"
          },
          {
            "east": "side|up",
            "north": "side|up"
          },
          {
            "east": "side|up",
            "south": "side|up"
          },
          {
            "south": "side|up",
            "west": "side|up"
          },
          {
            "north": "side|up",
            "west": "side|up"
          }
        ]
      }
    },
    {
      "apply": {
        "model": "minecraft:block/05rd_redstone_dust_side"
      },
      "when": {
        "north": "side|up"
      }
    },
    {
      "apply": {
        "model": "minecraft:block/05rd_redstone_dust_side_alt"
      },
      "when": {
        "south": "side|up"
      }
    },
    {
      "apply": {
        "model": "minecraft:block/05rd_redstone_dust_side_alt",
        "y": 270
      },
      "when": {
        "east": "side|up"
      }
    },
    {
      "apply": {
        "model": "minecraft:block/05rd_redstone_dust_side",
        "y": 270
      },
      "when": {
        "west": "side|up"
      }
    },
    {
      "apply": {
        "model": "minecraft:block/05rd_redstone_dust_up"
      },
      "when": {
        "north": "up"
      }
    },
    {
      "apply": {
        "model": "minecraft:block/05rd_redstone_dust_up",
        "y": 90
      },
      "when": {
        "east": "up"
      }
    },
    {
      "apply": {
        "model": "minecraft:block/05rd_redstone_dust_up",
        "y": 180
      },
      "when": {
        "south": "up"
      }
    },
    {
      "apply": {
        "model": "minecraft:block/05rd_redstone_dust_up",
        "y": 270
      },
      "when": {
        "west": "up"
      }
    }
  ]
}