{
  "variants": {
    "bottom=false": {"model": "minecraft:block/05rd_scaffolding_stable"},
    "bottom=true,distance=0": {"model": "minecraft:block/05rd_scaffolding_unstable"},
    "bottom=true,distance=1": {"model": "minecraft:block/05rd_scaffolding_unstable"},
    "bottom=true,distance=2": {"model": "minecraft:block/05rd_scaffolding_unstable"},
    "bottom=true,distance=3": {"model": "minecraft:block/05rd_scaffolding_unstable"},
    "bottom=true,distance=4": {"model": "minecraft:block/05rd_scaffolding_unstable"},
    "bottom=true,distance=5": {"model": "minecraft:block/05rd_scaffolding_unstable"},
    "bottom=true,distance=6": {"model": "minecraft:block/05rd_scaffolding_edge"}
  }
}