{
  "variants": {
    "power=0": {"model": "minecraft:block/05rd_target_0"},
    "power=1": {"model": "minecraft:block/05rd_target_1"},
    "power=2": {"model": "minecraft:block/05rd_target_2"},
    "power=3": {"model": "minecraft:block/05rd_target_3"},
    "power=4": {"model": "minecraft:block/05rd_target_4"},
    "power=5": {"model": "minecraft:block/05rd_target_5"},
    "power=6": {"model": "minecraft:block/05rd_target_6"},
    "power=7": {"model": "minecraft:block/05rd_target_7"},
    "power=8": {"model": "minecraft:block/05rd_target_8"},
    "power=9": {"model": "minecraft:block/05rd_target_9"},
    "power=10": {"model": "minecraft:block/05rd_target_10"},
    "power=11": {"model": "minecraft:block/05rd_target_11"},
    "power=12": {"model": "minecraft:block/05rd_target_12"},
    "power=13": {"model": "minecraft:block/05rd_target_13"},
    "power=14": {"model": "minecraft:block/05rd_target_14"},
    "power=15": {"model": "minecraft:block/05rd_target_15"}
  }
}