{
  "multipart": [
    {"apply": {"model": "minecraft:block/05rd_tripwire_side"},
      "when": {"powered": "false", "east": "false", "north": "false", "south": "false", "west": "false"}},
    {"apply": {"model": "minecraft:block/05rd_tripwire_side_alt"},
      "when": {"powered": "false", "east": "false", "north": "false", "south": "false", "west": "false"}},

    {"apply": {"model": "minecraft:block/05rd_tripwire_side"},
      "when": {"powered": "false", "north": "true"}},
    {"apply": {"model": "minecraft:block/05rd_tripwire_side_alt"},
      "when": {"powered": "false", "south": "true"}},
    {"apply": {"model": "minecraft:block/05rd_tripwire_side_alt","y": 270},
      "when": {"powered": "false", "east": "true"}},
    {"apply": {"model": "minecraft:block/05rd_tripwire_side","y": 270},
      "when": {"powered": "false", "west": "true"}},

    {"apply": {"model": "minecraft:block/05rd_tripwire_side"},
      "when": {"powered": "false", "north": "false", "south": "true", "east": "false", "west": "false"}},
    {"apply": {"model": "minecraft:block/05rd_tripwire_side_alt"},
      "when": {"powered": "false", "south": "false", "north": "true", "east": "false", "west": "false"}},
    {"apply": {"model": "minecraft:block/05rd_tripwire_side_alt","y": 270},
      "when": {"powered": "false", "east": "false", "west": "true", "south": "false", "north": "false"}},
    {"apply": {"model": "minecraft:block/05rd_tripwire_side","y": 270},
      "when": {"powered": "false", "west": "false", "east": "true", "south": "false", "north": "false"}},
    
    {"apply": {"model": "minecraft:block/05rd_tripwire_dot"},
      "when": {"OR": [
          {"powered": "false", "east": "true", "north": "true", "south": "true", "west": "true"},
          {"powered": "false", "east": "true", "north": "true"},
          {"powered": "false", "east": "true", "south": "true"},
          {"powered": "false", "south": "true", "west": "true"},
          {"powered": "false", "north": "true", "west": "true"}]}},





          {"apply": {"model": "minecraft:block/05rd_tripwire_side_powered"},
          "when": {"powered": "true", "east": "false", "north": "false", "south": "false", "west": "false"}},
        {"apply": {"model": "minecraft:block/05rd_tripwire_side_alt_powered"},
          "when": {"powered": "true", "east": "false", "north": "false", "south": "false", "west": "false"}},
    
        {"apply": {"model": "minecraft:block/05rd_tripwire_side_powered"},
          "when": {"powered": "true", "north": "true"}},
        {"apply": {"model": "minecraft:block/05rd_tripwire_side_alt_powered"},
          "when": {"powered": "true", "south": "true"}},
        {"apply": {"model": "minecraft:block/05rd_tripwire_side_alt_powered","y": 270},
          "when": {"powered": "true", "east": "true"}},
        {"apply": {"model": "minecraft:block/05rd_tripwire_side_powered","y": 270},
          "when": {"powered": "true", "west": "true"}},
    
        {"apply": {"model": "minecraft:block/05rd_tripwire_side_powered"},
          "when": {"powered": "true", "north": "false", "south": "true", "east": "false", "west": "false"}},
        {"apply": {"model": "minecraft:block/05rd_tripwire_side_alt_powered"},
          "when": {"powered": "true", "south": "false", "north": "true", "east": "false", "west": "false"}},
        {"apply": {"model": "minecraft:block/05rd_tripwire_side_alt_powered","y": 270},
          "when": {"powered": "true", "east": "false", "west": "true", "south": "false", "north": "false"}},
        {"apply": {"model": "minecraft:block/05rd_tripwire_side_powered","y": 270},
          "when": {"powered": "true", "west": "false", "east": "true", "south": "false", "north": "false"}},
        
        {"apply": {"model": "minecraft:block/05rd_tripwire_dot_powered"},
          "when": {"OR": [
              {"powered": "true", "east": "true", "north": "true", "south": "true", "west": "true"},
              {"powered": "true", "east": "true", "north": "true"},
              {"powered": "true", "east": "true", "south": "true"},
              {"powered": "true", "south": "true", "west": "true"},
              {"powered": "true", "north": "true", "west": "true"}]}}
  ]
}