{
	"credit": "Made with Blockbench",
	"ambientocclusion": false,
	"textures": {
		"outline": "block/05rd_button_pressed",
		"particle": "#texture"
	},
	"elements": [
		{
			"from": [5, 0, 6],
			"to": [11, 1, 10],
			"faces": {
				"north": {"uv": [5, 14, 11, 15], "texture": "#texture"},
				"east": {"uv": [6, 14, 10, 15], "texture": "#texture"},
				"south": {"uv": [5, 14, 11, 15], "texture": "#texture"},
				"west": {"uv": [6, 14, 10, 15], "texture": "#texture"},
				"up": {"uv": [5, 6, 11, 10], "texture": "#texture"},
				"down": {"uv": [5, 6, 11, 10], "texture": "#texture", "cullface": "down"}
			}
		},
		{
			"from": [4, 0.01, 5],
			"to": [12, 0.01, 11],
			"rotation": {"angle": 0, "axis": "y", "origin": [0, 0, 6]},
			"faces": {
				"up": {"uv": [4, 5, 12, 11], "texture": "#outline"},
				"down": {"uv": [4, 5, 12, 11], "texture": "#outline", "cullface": "down" }
			}
		}
	]
}