{
	"credit": "Made with Blockbench",
	"ambientocclusion": false,
	"textures": {
		"outline": "block/05rd_button_pressed",
		"particle": "#texture"
	},
	"elements": [
		{
			"from": [1, 0, 1],
			"to": [15, 0.5, 15],
			"faces": {
				"north": {"uv": [1, 15, 15, 15.5], "texture": "#texture"},
				"east": {"uv": [1, 15, 15, 15.5], "texture": "#texture"},
				"south": {"uv": [1, 15, 15, 15.5], "texture": "#texture"},
				"west": {"uv": [1, 15, 15, 15.5], "texture": "#texture"},
				"up": {"uv": [1, 1, 15, 15], "texture": "#texture"},
				"down": {"uv": [1, 1, 15, 15], "texture": "#texture", "cullface": "down"}
			}
		},
		{
			"from": [0, 0.01, 0],
			"to": [16, 0.01, 16],
			"faces": {
				"up": {"uv": [0, 0, 16, 16], "texture": "#outline"},
				"down": {"uv": [0, 0, 16, 16], "texture": "#outline", "cullface": "down"}
			}
		}
	]
}