{
	"credit": "Made with Blockbench",
	"textures": {
		"particle": "block/05rd_note_block_on",
		"all": "block/05rd_note_block_on"
	},
	"elements": [
		{
			"from": [16.01, 14, 0],
			"to": [16.01, 16, 16],
			"rotation": {"angle": 0, "axis": "y", "origin": [9, 8, 8]},
			"faces": {
				"east": {"uv": [0, 0, 16, 2], "texture": "#all", "cullface": "east"}
			}
		},
		{
			"from": [16.01, 2, 0],
			"to": [16.01, 14, 2],
			"rotation": {"angle": 0, "axis": "y", "origin": [9, 8, 8]},
			"faces": {
				"east": {"uv": [14, 2, 16, 14], "texture": "#all", "cullface": "east"}
			}
		},
		{
			"from": [16.01, 2, 14],
			"to": [16.01, 14, 16],
			"rotation": {"angle": 0, "axis": "y", "origin": [9, 8, 8]},
			"faces": {
				"east": {"uv": [0, 2, 2, 14], "texture": "#all", "cullface": "east"}
			}
		},
		{
			"from": [16.01, 0, 0],
			"to": [16.01, 2, 16],
			"rotation": {"angle": 0, "axis": "y", "origin": [9, 8, 8]},
			"faces": {
				"east": {"uv": [0, 14, 16, 16], "texture": "#all", "cullface": "east"}
			}
		},
		{
			"from": [-0.01, 0, 0],
			"to": [-0.01, 2, 16],
			"rotation": {"angle": 0, "axis": "y", "origin": [8, 8, 8]},
			"faces": {
				"west": {"uv": [0, 14, 16, 16], "texture": "#all", "cullface": "west"}
			}
		},
		{
			"from": [-0.01, 2, 14],
			"to": [-0.01, 14, 16],
			"rotation": {"angle": 0, "axis": "y", "origin": [8, 8, 8]},
			"faces": {
				"west": {"uv": [14, 2, 16, 14], "texture": "#all", "cullface": "west"}
			}
		},
		{
			"from": [-0.01, 2, 0],
			"to": [-0.01, 14, 2],
			"rotation": {"angle": 0, "axis": "y", "origin": [8, 8, 8]},
			"faces": {
				"west": {"uv": [0, 2, 2, 14], "texture": "#all", "cullface": "west"}
			}
		},
		{
			"from": [-0.01, 14, 0],
			"to": [-0.01, 16, 16],
			"rotation": {"angle": 0, "axis": "y", "origin": [8, 8, 8]},
			"faces": {
				"west": {"uv": [0, 0, 16, 2], "texture": "#all", "cullface": "west"}
			}
		},
		{
			"from": [0, 14, 16.01],
			"to": [16, 16, 16.01],
			"rotation": {"angle": 0, "axis": "y", "origin": [8, 15, 16]},
			"faces": {
				"south": {"uv": [0, 0, 16, 2], "texture": "#all", "cullface": "south"}
			}
		},
		{
			"from": [0, 2, 16.01],
			"to": [2, 14, 16.01],
			"rotation": {"angle": 0, "axis": "y", "origin": [1, 8.5, 16]},
			"faces": {
				"south": {"uv": [0, 2, 2, 14], "texture": "#all", "cullface": "south"}
			}
		},
		{
			"from": [14, 2, 16.01],
			"to": [16, 14, 16.01],
			"rotation": {"angle": 0, "axis": "y", "origin": [15, 8.5, 16]},
			"faces": {
				"south": {"uv": [14, 2, 16, 14], "texture": "#all", "cullface": "south"}
			}
		},
		{
			"from": [0, 0, 16.01],
			"to": [16, 2, 16.01],
			"rotation": {"angle": 0, "axis": "y", "origin": [8, 1, 16]},
			"faces": {
				"south": {"uv": [0, 14, 16, 16], "texture": "#all", "cullface": "south"}
			}
		},
		{
			"from": [0, 0, -0.01],
			"to": [16, 2, -0.01],
			"rotation": {"angle": 0, "axis": "y", "origin": [8, 1, 0]},
			"faces": {
				"north": {"uv": [0, 14, 16, 16], "texture": "#all", "cullface": "north"}
			}
		},
		{
			"from": [14, 2, -0.01],
			"to": [16, 14, -0.01],
			"rotation": {"angle": 0, "axis": "y", "origin": [15, 8.5, 0]},
			"faces": {
				"north": {"uv": [0, 2, 2, 14], "texture": "#all", "cullface": "north"}
			}
		},
		{
			"from": [0, 2, -0.01],
			"to": [2, 14, -0.01],
			"rotation": {"angle": 0, "axis": "y", "origin": [1, 8.5, 0]},
			"faces": {
				"north": {"uv": [14, 2, 16, 14], "texture": "#all", "cullface": "north"}
			}
		},
		{
			"from": [0, 14, -0.01],
			"to": [16, 16, -0.01],
			"rotation": {"angle": 0, "axis": "y", "origin": [8, 15, 0]},
			"faces": {
				"north": {"uv": [0, 0, 16, 2], "texture": "#all", "cullface": "north"}
			}
		},
		{
			"from": [0, 16.01, 14],
			"to": [16, 16.01, 16],
			"rotation": {"angle": 0, "axis": "x", "origin": [8, 8, 8]},
			"faces": {
				"up": {"uv": [0, 14, 16, 16], "texture": "#all", "cullface": "up"}
			}
		},
		{
			"from": [14, 16.01, 2],
			"to": [16, 16.01, 14],
			"rotation": {"angle": 0, "axis": "x", "origin": [8, 8, 8]},
			"faces": {
				"up": {"uv": [14, 2, 16, 14], "texture": "#all", "cullface": "up"}
			}
		},
		{
			"from": [0, 16.01, 2],
			"to": [2, 16.01, 14],
			"rotation": {"angle": 0, "axis": "x", "origin": [8, 8, 8]},
			"faces": {
				"up": {"uv": [0, 2, 2, 14], "texture": "#all", "cullface": "up"}
			}
		},
		{
			"from": [0, 16.01, 0],
			"to": [16, 16.01, 2],
			"rotation": {"angle": 0, "axis": "x", "origin": [8, 8, 8]},
			"faces": {
				"up": {"uv": [0, 0, 16, 2], "texture": "#all", "cullface": "up"}
			}
		},
		{
			"from": [14, -0.01, 2],
			"to": [16, -0.01, 14],
			"rotation": {"angle": 0, "axis": "y", "origin": [8, 8, 8]},
			"faces": {
				"down": {"uv": [14, 2, 16, 14], "texture": "#all", "cullface": "down"}
			}
		},
		{
			"from": [0, -0.01, 2],
			"to": [2, -0.01, 14],
			"rotation": {"angle": 0, "axis": "y", "origin": [8, 8, 8]},
			"faces": {
				"down": {"uv": [0, 2, 2, 14], "texture": "#all", "cullface": "down"}
			}
		},
		{
			"from": [0, -0.01, 0],
			"to": [16, -0.01, 2],
			"rotation": {"angle": 0, "axis": "y", "origin": [8, 8, 8]},
			"faces": {
				"down": {"uv": [0, 14, 16, 16], "texture": "#all", "cullface": "down"}
			}
		},
		{
			"from": [0, -0.01, 14],
			"to": [16, -0.01, 16],
			"rotation": {"angle": 0, "axis": "y", "origin": [8, 8, 8]},
			"faces": {
				"down": {"uv": [0, 0, 16, 2], "texture": "#all", "cullface": "down"}
			}
		}
	]
}