{
	"credit": "Made with Blockbench",
	"ambientocclusion": false,
	"textures": {
		"top": "block/05rd_repeater_on_2",
		"bottom": "block/05rd_repeater_bottom",
		"lit": "block/redstone_torch",
		"particle": "block/repeater_on"
	},
	"elements": [
		{
			"from": [0, 0, 0],
			"to": [16, 2, 16],
			"faces": {
				"north": {"uv": [0, 14, 16, 16], "texture": "#bottom", "cullface": "north"},
				"east": {"uv": [14, 0, 16, 16], "rotation": 90, "texture": "#top", "cullface": "east"},
				"south": {"uv": [0, 14, 16, 16], "texture": "#bottom", "cullface": "south"},
				"west": {"uv": [0, 0, 2, 16], "rotation": 270, "texture": "#top", "cullface": "west"},
				"up": {"uv": [0, 0, 16, 16], "texture": "#top"},
				"down": {"uv": [0, 0, 16, 16], "texture": "#bottom", "cullface": "down"}
			}
		},
		{
			"from": [7, 2, 8],
			"to": [9, 7, 10],
			"shade": false,
			"faces": {
				"north": {"uv": [9, 6, 7, 11], "texture": "#lit"},
				"east": {"uv": [7, 6, 9, 11], "texture": "#lit"},
				"south": {"uv": [9, 6, 7, 11], "texture": "#lit"},
				"west": {"uv": [7, 6, 9, 11], "texture": "#lit"},
				"up": {"uv": [7, 6, 9, 8], "texture": "#lit"}
			}
		},
		{
			"from": [7, 2, 2],
			"to": [9, 7, 4],
			"shade": false,
			"faces": {
				"north": {"uv": [9, 6, 7, 11], "texture": "#lit"},
				"east": {"uv": [7, 6, 9, 11], "texture": "#lit"},
				"south": {"uv": [9, 6, 7, 11], "texture": "#lit"},
				"west": {"uv": [7, 6, 9, 11], "texture": "#lit"},
				"up": {"uv": [7, 6, 9, 8], "texture": "#lit"}
			}
		},
		{
			"from": [6.5, 1.5, 1.5],
			"to": [9.5, 4.5, 4.5],
			"shade": false,
			"faces": {
				"up": {"uv": [8, 5, 9, 6], "texture": "#lit"}
			}
		},
		{
			"from": [6.5, 7.5, 1.5],
			"to": [9.5, 10.5, 4.5],
			"shade": false,
			"faces": {
				"down": {"uv": [7, 5, 8, 6], "texture": "#lit"}
			}
		},
		{
			"from": [6.5, 4.5, -1.5],
			"to": [9.5, 7.5, 1.5],
			"shade": false,
			"faces": {
				"south": {"uv": [9, 6, 10, 7], "texture": "#lit"}
			}
		},
		{
			"from": [6.5, 4.5, 4.5],
			"to": [9.5, 7.5, 7.5],
			"shade": false,
			"faces": {
				"north": {"uv": [6, 6, 7, 7], "texture": "#lit"}
			}
		},
		{
			"from": [3.5, 4.5, 1.5],
			"to": [6.5, 7.5, 4.5],
			"shade": false,
			"faces": {
				"east": {"uv": [9, 7, 10, 8], "texture": "#lit"}
			}
		},
		{
			"from": [9.5, 4.5, 1.5],
			"to": [12.5, 7.5, 4.5],
			"shade": false,
			"faces": {
				"west": {"uv": [6, 7, 7, 8], "texture": "#lit"}
			}
		},
		{
			"from": [6.5, 1.5, 7.5],
			"to": [9.5, 4.5, 10.5],
			"shade": false,
			"faces": {
				"up": {"uv": [8, 5, 9, 6], "texture": "#lit"}
			}
		},
		{
			"from": [6.5, 7.5, 7.5],
			"to": [9.5, 10.5, 10.5],
			"shade": false,
			"faces": {
				"down": {"uv": [7, 5, 8, 6], "texture": "#lit"}
			}
		},
		{
			"from": [6.5, 4.5, 4.5],
			"to": [9.5, 7.5, 7.5],
			"shade": false,
			"faces": {
				"south": {"uv": [9, 6, 10, 7], "texture": "#lit"}
			}
		},
		{
			"from": [6.5, 4.5, 10.5],
			"to": [9.5, 7.5, 13.5],
			"shade": false,
			"faces": {
				"north": {"uv": [6, 6, 7, 7], "texture": "#lit"}
			}
		},
		{
			"from": [3.5, 4.5, 7.5],
			"to": [6.5, 7.5, 10.5],
			"shade": false,
			"faces": {
				"east": {"uv": [9, 7, 10, 8], "texture": "#lit"}
			}
		},
		{
			"from": [9.5, 4.5, 7.5],
			"to": [12.5, 7.5, 10.5],
			"shade": false,
			"faces": {
				"west": {"uv": [6, 7, 7, 8], "texture": "#lit"}
			}
		}
	]
}