{
	"credit": "Made with Blockbench",
	"ambientocclusion": false,
	"textures": {
		"top": "block/05rd_repeater_2",
		"bottom": "block/05rd_repeater_bottom",
		"unlit": "block/redstone_torch_off",
		"particle": "block/repeater"
	},
	"elements": [
		{
			"from": [0, 0, 0],
			"to": [16, 2, 16],
			"faces": {
				"north": {"uv": [0, 14, 16, 16], "texture": "#bottom", "cullface": "north"},
				"east": {"uv": [14, 0, 16, 16], "rotation": 90, "texture": "#top", "cullface": "east"},
				"south": {"uv": [0, 14, 16, 16], "texture": "#bottom", "cullface": "south"},
				"west": {"uv": [0, 0, 2, 16], "rotation": 270, "texture": "#top", "cullface": "west"},
				"up": {"uv": [0, 0, 16, 16], "texture": "#top"},
				"down": {"uv": [0, 0, 16, 16], "texture": "#bottom", "cullface": "down"}
			}
		},
		{
			"from": [7, 2, 8],
			"to": [9, 7, 10],
			"faces": {
				"north": {"uv": [9, 6, 7, 11], "texture": "#unlit"},
				"east": {"uv": [7, 6, 9, 11], "texture": "#unlit"},
				"south": {"uv": [9, 6, 7, 11], "texture": "#unlit"},
				"west": {"uv": [7, 6, 9, 11], "texture": "#unlit"},
				"up": {"uv": [7, 6, 9, 8], "texture": "#unlit"}
			}
		},
		{
			"from": [7, 2, 2],
			"to": [9, 7, 4],
			"faces": {
				"north": {"uv": [9, 6, 7, 11], "texture": "#unlit"},
				"east": {"uv": [7, 6, 9, 11], "texture": "#unlit"},
				"south": {"uv": [9, 6, 7, 11], "texture": "#unlit"},
				"west": {"uv": [7, 6, 9, 11], "texture": "#unlit"},
				"up": {"uv": [7, 6, 9, 8], "texture": "#unlit"}
			}
		}
	]
}