{
	"credit": "Made with Blockbench",
	"textures": {
		"top": "block/composter_top",
		"inside": "block/composter_side",
		"content": "block/composter_ready",
		"side": "block/05rd_composter_side_8",
		"particle": "block/composter_compost"
	},
	"elements": [
		{
			"name": "top",
			"from": [0, 16, 14],
			"to": [16, 16, 16],
			"rotation": {"angle": 0, "axis": "y", "origin": [8, 16, 15]},
			"faces": {
				"up": {"uv": [0, 14, 16, 16], "texture": "#top", "cullface": "up"}
			}
		},
		{
			"name": "top",
			"from": [0, 16, 0],
			"to": [16, 16, 2],
			"rotation": {"angle": 0, "axis": "y", "origin": [8, 16, 1]},
			"faces": {
				"up": {"uv": [0, 0, 16, 2], "texture": "#top", "cullface": "up"}
			}
		},
		{
			"name": "top",
			"from": [14, 16, 2],
			"to": [16, 16, 14],
			"rotation": {"angle": 0, "axis": "y", "origin": [15, 16, 8]},
			"faces": {
				"up": {"uv": [14, 2, 16, 14], "texture": "#top", "cullface": "up"}
			}
		},
		{
			"name": "top",
			"from": [0, 16, 2],
			"to": [2, 16, 14],
			"rotation": {"angle": 0, "axis": "y", "origin": [1, 16, 8]},
			"faces": {
				"up": {"uv": [0, 2, 2, 14], "texture": "#top", "cullface": "up"}
			}
		},
		{
			"name": "content",
			"from": [14, 16, 14],
			"to": [2, 2, 2],
			"rotation": {"angle": 0, "axis": "y", "origin": [8, 9, 8]},
			"faces": {
				"north": {"uv": [2, 0, 14, 14], "rotation": 180, "texture": "#inside", "cullface": "up"},
				"east": {"uv": [2, 0, 14, 14], "rotation": 180, "texture": "#inside", "cullface": "up"},
				"south": {"uv": [2, 0, 14, 14], "rotation": 180, "texture": "#inside", "cullface": "up"},
				"west": {"uv": [2, 0, 14, 14], "rotation": 180, "texture": "#inside", "cullface": "up"},
				"up": {"uv": [2, 2, 14, 14], "rotation": 180, "texture": "#content", "cullface": "up"}
			}
		},
		{
			"name": "large",
			"from": [0, 0, 0],
			"to": [16, 16, 16],
			"rotation": {"angle": 0, "axis": "y", "origin": [8, 8, 8]},
			"faces": {
				"north": {"uv": [0, 0, 16, 16], "texture": "#side", "cullface": "north"},
				"east": {"uv": [0, 0, 16, 16], "texture": "#side", "cullface": "east"},
				"south": {"uv": [0, 0, 16, 16], "texture": "#side", "cullface": "south"},
				"west": {"uv": [0, 0, 16, 16], "texture": "#side", "cullface": "west"},
				"down": {"uv": [0, 0, 16, 16], "texture": "#content", "cullface": "down"}
			}
		},
		{
			"from": [2, 0, 2],
			"to": [14, 15, 14],
			"faces": {
				"up": {"uv": [2, 2, 14, 14], "texture": "#content"}
			}
		}
	]
}