{
  "parent": "minecraft:block/block",
  "textures": {
      "particle": "minecraft:block/05mirror_outline",
      "side": "minecraft:block/05mirror"
  },
  "elements": [
      {   "from": [ 0, 8, 0 ],
          "to": [ 16, 16, 16 ],
          "faces": {
              "down":  { "uv": [ 0, 0, 16, 16 ], "texture": "#side" },
              "up":    { "uv": [ 0, 0, 16, 16 ], "texture": "#side", "cullface": "up" },
              "north": { "uv": [ 0, 0, 16,  8 ], "texture": "#side", "cullface": "north" },
              "south": { "uv": [ 0, 0, 16,  8 ], "texture": "#side", "cullface": "south" },
              "west":  { "uv": [ 0, 0, 16,  8 ], "texture": "#side", "cullface": "west" },
              "east":  { "uv": [ 0, 0, 16,  8 ], "texture": "#side", "cullface": "east" }
          }
      }
  ]
}
