{
  "variants": {
    "age=0": {
      "model": "minecraft:block/beetroots_stage0"
    },
    "age=1": {
      "model": "minecraft:block/beetroots_stage1"
    },
    "age=2": [
      {"model": "minecraft:block/05m_beetroots_stage2", "weight":1, "y": 180 },
      {"model": "minecraft:block/05m_beetroots_stage2", "weight":1, "y": 270 },
      {"model": "minecraft:block/05m_beetroots_stage2", "weight":1, "y": 0 },
      {"model": "minecraft:block/05m_beetroots_stage2", "weight":1, "y": 90 }
    ],
    "age=3": [
      {"model": "minecraft:block/05m_beetroots_stage3", "weight":1, "y": 180 },
      {"model": "minecraft:block/05m_beetroots_stage3", "weight":1, "y": 270 },
      {"model": "minecraft:block/05m_beetroots_stage3", "weight":1, "y": 0 },
      {"model": "minecraft:block/05m_beetroots_stage3", "weight":1, "y": 90 }
    ]
  }
}