{
  "variants": {
    "waterlogged=false": [
      {"model": "minecraft:block/cherry_leaves", "weight":1, "y": 0 },
      {"model": "minecraft:block/cherry_leaves", "weight":1, "y": 90 },
      {"model": "minecraft:block/cherry_leaves", "weight":1, "y": 180 },
      {"model": "minecraft:block/cherry_leaves", "weight":1, "y": 270 }
    ],
    "waterlogged=true": [
      {"model": "minecraft:block/cherry_leaves_waterlogged", "weight":1, "y": 0 },
      {"model": "minecraft:block/cherry_leaves_waterlogged", "weight":1, "y": 90 },
      {"model": "minecraft:block/cherry_leaves_waterlogged", "weight":1, "y": 180 },
      {"model": "minecraft:block/cherry_leaves_waterlogged", "weight":1, "y": 270 }
    ]
  }
}