{
  "variants": {
    "axis=x": [
      {"model": "block/deepslate"             , "weight":1, "x": 90, "y": 90 },
      {"model": "block/deepslate_05_random_02", "weight":1, "x": 90, "y": 90 },
      {"model": "block/deepslate_05_random_03", "weight":1, "x": 90, "y": 90 },
      {"model": "block/deepslate_05_random_04", "weight":1, "x": 90, "y": 90 }
    ],
    "axis=y": [
      {"model": "block/deepslate"             , "weight":1 },
      {"model": "block/deepslate_05_random_02", "weight":1 },
      {"model": "block/deepslate_05_random_03", "weight":1 },
      {"model": "block/deepslate_05_random_04", "weight":1 }
    ],
    "axis=z": [
      {"model": "block/deepslate"             , "weight":1, "x": 90 },
      {"model": "block/deepslate_05_random_02", "weight":1, "x": 90 },
      {"model": "block/deepslate_05_random_03", "weight":1, "x": 90 },
      {"model": "block/deepslate_05_random_04", "weight":1, "x": 90 }
    ]
  }
}