{
	"credit": "Made with Blockbench",
	"ambientocclusion": false,
	"textures": {
		"inside": "block/cauldron_side",
		"top": "block/cauldron_top",
		"inner": "block/cauldron_inner",
		"particle": "block/05rd_cauldron_side"
	},
	"elements": [
		{
			"name": "top",
			"from": [0, 16, 2],
			"to": [2, 16, 14],
			"rotation": {"angle": 0, "axis": "y", "origin": [1, 16, 8]},
			"faces": {
				"up": {"uv": [0, 2, 2, 14], "texture": "#top", "cullface": "up"}
			}
		},
		{
			"name": "top",
			"from": [14, 16, 2],
			"to": [16, 16, 14],
			"rotation": {"angle": 0, "axis": "y", "origin": [15, 16, 8]},
			"faces": {
				"up": {"uv": [14, 2, 16, 14], "texture": "#top", "cullface": "up"}
			}
		},
		{
			"name": "top",
			"from": [0, 16, 0],
			"to": [16, 16, 2],
			"rotation": {"angle": 0, "axis": "y", "origin": [8, 16, 1]},
			"faces": {
				"up": {"uv": [0, 0, 16, 2], "texture": "#top", "cullface": "up"}
			}
		},
		{
			"name": "top",
			"from": [0, 16, 14],
			"to": [16, 16, 16],
			"rotation": {"angle": 0, "axis": "y", "origin": [8, 16, 15]},
			"faces": {
				"up": {"uv": [0, 14, 16, 16], "texture": "#top", "cullface": "up"}
			}
		},
		{
			"name": "inside",
			"from": [14, 16, 14],
			"to": [2, 4, 2],
			"rotation": {"angle": 0, "axis": "y", "origin": [8, 10, 8]},
			"faces": {
				"north": {"uv": [2, 0, 14, 12], "rotation": 180, "texture": "#inside", "cullface": "up"},
				"east": {"uv": [2, 0, 14, 12], "rotation": 180, "texture": "#inside", "cullface": "up"},
				"south": {"uv": [2, 0, 14, 12], "rotation": 180, "texture": "#inside", "cullface": "up"},
				"west": {"uv": [2, 0, 14, 12], "rotation": 180, "texture": "#inside", "cullface": "up"},
				"up": {"uv": [2, 2, 14, 14], "rotation": 180, "texture": "#inner", "cullface": "up"}
			}
		},
		{
			"name": "large",
			"from": [0, 3, 0],
			"to": [16, 16, 16],
			"rotation": {"angle": 0, "axis": "y", "origin": [8, 9.5, 8]},
			"faces": {
				"north": {"uv": [0, 0, 16, 13], "texture": "#particle", "cullface": "north"},
				"east": {"uv": [0, 0, 16, 13], "texture": "#particle", "cullface": "east"},
				"south": {"uv": [0, 0, 16, 13], "texture": "#particle", "cullface": "south"},
				"west": {"uv": [0, 0, 16, 13], "texture": "#particle", "cullface": "west"},
				"down": {"uv": [0, 0, 16, 16], "texture": "#inner"}
			}
		},
		{
			"name": "foot",
			"from": [0, 0, 0],
			"to": [4, 3, 2],
			"faces": {
				"north": {"uv": [12, 13, 16, 16], "texture": "#inside", "cullface": "north"},
				"east": {"uv": [14, 13, 16, 16], "texture": "#inside"},
				"south": {"uv": [0, 13, 4, 16], "texture": "#inside"},
				"west": {"uv": [0, 13, 2, 16], "texture": "#inside", "cullface": "west"},
				"down": {"uv": [0, 14, 4, 16], "texture": "#inner", "cullface": "down"}
			}
		},
		{
			"name": "foot",
			"from": [0, 0, 2],
			"to": [2, 3, 4],
			"faces": {
				"east": {"uv": [12, 13, 14, 16], "texture": "#inside"},
				"south": {"uv": [0, 13, 2, 16], "texture": "#inside"},
				"west": {"uv": [2, 13, 4, 16], "texture": "#inside", "cullface": "west"},
				"down": {"uv": [0, 12, 2, 14], "texture": "#inner", "cullface": "down"}
			}
		},
		{
			"name": "foot",
			"from": [12, 0, 0],
			"to": [16, 3, 2],
			"faces": {
				"north": {"uv": [0, 13, 4, 16], "texture": "#inside", "cullface": "north"},
				"east": {"uv": [14, 13, 16, 16], "texture": "#inside", "cullface": "east"},
				"south": {"uv": [12, 13, 16, 16], "texture": "#inside"},
				"west": {"uv": [0, 13, 2, 16], "texture": "#inside"},
				"down": {"uv": [12, 14, 16, 16], "texture": "#inner", "cullface": "down"}
			}
		},
		{
			"name": "foot",
			"from": [14, 0, 2],
			"to": [16, 3, 4],
			"faces": {
				"east": {"uv": [12, 13, 14, 16], "texture": "#inside", "cullface": "east"},
				"south": {"uv": [14, 13, 16, 16], "texture": "#inside"},
				"west": {"uv": [2, 13, 4, 16], "texture": "#inside"},
				"down": {"uv": [14, 12, 16, 14], "texture": "#inner", "cullface": "down"}
			}
		},
		{
			"name": "foot",
			"from": [0, 0, 14],
			"to": [4, 3, 16],
			"faces": {
				"north": {"uv": [12, 13, 16, 16], "texture": "#inside"},
				"east": {"uv": [0, 13, 2, 16], "texture": "#inside"},
				"south": {"uv": [0, 13, 4, 16], "texture": "#inside", "cullface": "south"},
				"west": {"uv": [14, 13, 16, 16], "texture": "#inside", "cullface": "west"},
				"down": {"uv": [0, 0, 4, 2], "texture": "#inner", "cullface": "down"}
			}
		},
		{
			"name": "foot",
			"from": [0, 0, 12],
			"to": [2, 3, 14],
			"faces": {
				"north": {"uv": [14, 13, 16, 16], "texture": "#inside"},
				"east": {"uv": [2, 13, 4, 16], "texture": "#inside"},
				"west": {"uv": [12, 13, 14, 16], "texture": "#inside", "cullface": "west"},
				"down": {"uv": [0, 2, 2, 4], "texture": "#inner", "cullface": "down"}
			}
		},
		{
			"name": "foot",
			"from": [12, 0, 14],
			"to": [16, 3, 16],
			"faces": {
				"north": {"uv": [0, 13, 4, 16], "texture": "#inside"},
				"east": {"uv": [0, 13, 2, 16], "texture": "#inside", "cullface": "east"},
				"south": {"uv": [12, 13, 16, 16], "texture": "#inside", "cullface": "south"},
				"west": {"uv": [14, 13, 16, 16], "texture": "#inside"},
				"down": {"uv": [12, 0, 16, 2], "texture": "#inner", "cullface": "down"}
			}
		},
		{
			"name": "foot",
			"from": [14, 0, 12],
			"to": [16, 3, 14],
			"faces": {
				"north": {"uv": [0, 13, 2, 16], "texture": "#inside"},
				"east": {"uv": [2, 13, 4, 16], "texture": "#inside", "cullface": "east"},
				"west": {"uv": [12, 13, 14, 16], "texture": "#inside"},
				"down": {"uv": [14, 2, 16, 4], "texture": "#inner", "cullface": "down"}
			}
		},
        {
            "from": [ 2, 4, 2 ],
            "to": [ 14, 9, 14 ],
            "faces": {
                "up": { "texture": "#content", "tintindex": 0 }
            }
        }
    ]
}
