{
	"credit": "Made with Blockbench",
	"textures": {
		"all": "#all",
		"particle": "minecraft:block/note_block"
	},
	"elements": [
		{
			"from": [0, 0, 0],
			"to": [0, 5, 16],
			"rotation": {"angle": 0, "axis": "y", "origin": [8, 8, 8]},
			"faces": {
				"west": {"uv": [0, 11, 16, 16], "texture": "#all", "cullface": "west"}
			}
		},
		{
			"from": [16, 0, 0],
			"to": [16, 5, 16],
			"rotation": {"angle": 0, "axis": "y", "origin": [8, 8, 8]},
			"faces": {
				"east": {"uv": [0, 11, 16, 16], "texture": "#all", "cullface": "east"}
			}
		},
		{
			"from": [0, 0, 0],
			"to": [16, 5, 0],
			"rotation": {"angle": 0, "axis": "y", "origin": [8, 8, 8]},
			"faces": {
				"north": {"uv": [0, 11, 16, 16], "texture": "#all", "cullface": "north"}
			}
		},
		{
			"from": [0, 0, 16],
			"to": [16, 5, 16],
			"rotation": {"angle": 0, "axis": "y", "origin": [8, 8, 8]},
			"faces": {
				"south": {"uv": [0, 11, 16, 16], "texture": "#all", "cullface": "south"}
			}
		},
		{
			"from": [0, 0, 0],
			"to": [16, 0, 5],
			"rotation": {"angle": 0, "axis": "y", "origin": [8, 8, 8]},
			"faces": {
				"down": {"uv": [0, 11, 16, 16], "texture": "#all", "cullface": "down"}
			}
		},
		{
			"from": [0, 16, 11],
			"to": [16, 16, 16],
			"rotation": {"angle": 0, "axis": "x", "origin": [8, 8, 8]},
			"faces": {
				"up": {"uv": [0, 11, 16, 16], "texture": "#all", "cullface": "up"}
			}
		}
	]
}