{
	"credit": "Made with Blockbench",
	"ambientocclusion": false,
	"textures": {
		"top": "block/hopper_top",
		"side": "block/05rd_hopper_outside",
		"inside": "block/05rd_hopper_inside",
		"bottom": "block/05rd_hopper_bottom",
		"particle": "block/05rd_hopper_inner",
		"inner": "block/05rd_hopper_inner"
	},
	"elements": [
		{
			"name": "inner",
			"from": [14, 16, 14],
			"to": [2, 11, 2],
			"rotation": {"angle": 0, "axis": "y", "origin": [8, 13.5, 8]},
			"faces": {
				"north": {"uv": [2, 5, 14, 0], "texture": "#inner", "cullface": "up"},
				"east": {"uv": [2, 5, 14, 0], "texture": "#inner", "cullface": "up"},
				"south": {"uv": [2, 5, 14, 0], "texture": "#inner", "cullface": "up"},
				"west": {"uv": [2, 5, 14, 0], "texture": "#inner", "cullface": "up"},
				"up": {"uv": [2, 2, 14, 14], "rotation": 180, "texture": "#inside", "cullface": "up"}
			}
		},
		{
			"name": "large",
			"from": [0, 10, 0],
			"to": [16, 16, 16],
			"rotation": {"angle": 0, "axis": "y", "origin": [8, 13, 8]},
			"faces": {
				"north": {"uv": [0, 0, 16, 6], "texture": "#side", "cullface": "north"},
				"east": {"uv": [16, 0, 0, 6], "texture": "#side", "cullface": "east"},
				"south": {"uv": [0, 0, 16, 6], "texture": "#side", "cullface": "south"},
				"west": {"uv": [0, 0, 16, 6], "texture": "#side", "cullface": "west"},
				"up": {"uv": [0, 0, 16, 16], "texture": "#top", "cullface": "up"},
				"down": {"uv": [0, 0, 16, 16], "texture": "#bottom"}
			}
		},
		{
			"name": "medium",
			"from": [4, 4, 4],
			"to": [12, 10, 12],
			"faces": {
				"north": {"uv": [4, 6, 12, 12], "texture": "#side"},
				"east": {"uv": [4, 6, 12, 12], "texture": "#side"},
				"south": {"uv": [4, 6, 12, 12], "texture": "#side"},
				"west": {"uv": [4, 6, 12, 12], "texture": "#side"},
				"down": {"uv": [4, 4, 12, 12], "texture": "#bottom"}
			}
		},
		{
			"name": "small",
			"from": [6, 0, 6],
			"to": [10, 4, 10],
			"faces": {
				"north": {"uv": [6, 12, 10, 16], "texture": "#side"},
				"east": {"uv": [6, 12, 10, 16], "texture": "#side"},
				"south": {"uv": [6, 12, 10, 16], "texture": "#side"},
				"west": {"uv": [6, 12, 10, 16], "texture": "#side"},
				"down": {"uv": [6, 6, 10, 10], "texture": "#bottom", "cullface": "down"}
			}
		}
	],
	"display": {
		"thirdperson_righthand": {
			"rotation": [75, 45, 0],
			"translation": [0, 2.5, 0],
			"scale": [0.375, 0.375, 0.375]
		},
		"firstperson_righthand": {
			"rotation": [0, 45, 0],
			"scale": [0.4, 0.4, 0.4]
		},
		"firstperson_lefthand": {
			"rotation": [0, 225, 0],
			"scale": [0.4, 0.4, 0.4]
		},
		"ground": {
			"translation": [0, 2.75, 0],
			"scale": [0.25, 0.25, 0.25]
		},
		"gui": {
			"rotation": [30, 225, 0],
			"translation": [0, -1.25, 0],
			"scale": [0.625, 0.625, 0.625]
		},
		"fixed": {
			"scale": [0.5, 0.5, 0.5]
		}
	}
}