{
	"credit": "Made with Blockbench",
	"ambientocclusion": false,
	"textures": {
		"locked": "block/05rd_repeater_locked",
		"top": "block/05rd_repeater_4",
		"bottom": "block/05rd_repeater_bottom",
		"unlit": "block/redstone_torch_off",
		"particle": "block/repeater"
	},
	"elements": [
		{
			"from": [0, 0, 0],
			"to": [16, 2, 16],
			"faces": {
				"north": {"uv": [0, 14, 16, 16], "texture": "#bottom", "cullface": "north"},
				"east": {"uv": [14, 0, 16, 16], "rotation": 90, "texture": "#top", "cullface": "east"},
				"south": {"uv": [0, 14, 16, 16], "texture": "#bottom", "cullface": "south"},
				"west": {"uv": [0, 0, 2, 16], "rotation": 270, "texture": "#top", "cullface": "west"},
				"up": {"uv": [0, 0, 16, 16], "texture": "#top"},
				"down": {"uv": [0, 0, 16, 16], "texture": "#bottom", "cullface": "down"}
			}
		},
		{
			"name": "locked_2",
			"from": [11, 1.01, 2],
			"to": [14, 2.01, 5],
			"rotation": {"angle": 0, "axis": "y", "origin": [11, 0, 2]},
			"faces": {
				"up": {"uv": [10, 3, 13, 6], "texture": "#locked"}
			}
		},
		{
			"name": "locked_1",
			"from": [4, 2, 12],
			"to": [12, 3, 14],
			"faces": {
				"north": {"uv": [4, 9, 12, 10], "texture": "#locked"},
				"east": {"uv": [2, 11, 3, 13], "rotation": 90, "texture": "#locked"},
				"south": {"uv": [4, 15, 12, 14], "texture": "#locked"},
				"west": {"uv": [13, 11, 14, 13], "rotation": 270, "texture": "#locked"},
				"up": {"uv": [4, 11, 12, 13], "texture": "#locked"}
			}
		},
		{
			"from": [7, 2, 2],
			"to": [9, 7, 4],
			"faces": {
				"north": {"uv": [9, 6, 7, 11], "texture": "#unlit"},
				"east": {"uv": [7, 6, 9, 11], "texture": "#unlit"},
				"south": {"uv": [9, 6, 7, 11], "texture": "#unlit"},
				"west": {"uv": [7, 6, 9, 11], "texture": "#unlit"},
				"up": {"uv": [7, 6, 9, 8], "texture": "#unlit"}
			}
		}
	]
}