{
	"credit": "Made with Blockbench",
	"textures": {
		"particle": "block/05rd_sculk_0",
		"digits": "block/05rd_sculk_0"
	},
	"elements": [
		{
			"from": [16.01, 0, 4],
			"to": [16.01, 8, 12],
			"rotation": {"angle": 0, "axis": "y", "origin": [8, 4, 8]},
			"faces": {
				"east": {"uv": [0, 0, 16, 16], "texture": "#digits"}
			}
		},
		{
			"from": [-0.01, 0, 4],
			"to": [-0.01, 8, 12],
			"rotation": {"angle": 0, "axis": "y", "origin": [8, 4, 8]},
			"faces": {
				"west": {"uv": [0, 0, 16, 16], "texture": "#digits"}
			}
		},
		{
			"from": [4, 0, -0.01],
			"to": [12, 8, -0.01],
			"rotation": {"angle": 0, "axis": "y", "origin": [8, 4, 8]},
			"faces": {
				"north": {"uv": [0, 0, 16, 16], "texture": "#digits"}
			}
		}
	]
}