{
	"credit": "Made with Blockbench",
	"ambientocclusion": false,
	"textures": {
		"line": "block/05rd_redstone_dust_line"
	},
	"elements": [
		{
			"from": [6, 16.25, 0],
			"to": [10, 16.25, 0.25],
			"rotation": {"angle": 0, "axis": "x", "origin": [8, 16.25, -0.25]},
			"faces": {
				"up": {"uv": [6, 15, 10, 16], "texture": "#line", "tintindex": 0},
				"down": {"uv": [6, 15, 10, 16], "rotation": 180, "texture": "#line", "cullface": "north", "tintindex": 0}
			}
		},
		{
			"from": [6, 0.25, 0.25],
			"to": [10, 16.25, 0.25],
			"rotation": {"angle": 0, "axis": "y", "origin": [8, 8.25, 0.75]},
			"faces": {
				"north": {"uv": [6, 14, 10, 15], "texture": "#line", "cullface": "north", "tintindex": 0},
				"south": {"uv": [6, 14, 10, 15], "texture": "#line", "tintindex": 0}
			}
		}
	]
}