{
	"credit": "Made with Blockbench",
	"ambientocclusion": false,
	"textures": {
		"outline": "block/05rd_lever",
		"particle": "block/cobblestone",
		"base": "block/cobblestone",
		"lever": "block/lever"
	},
	"elements": [
		{
			"from": [5, 0, 4],
			"to": [11, 3, 12],
			"faces": {
				"north": {"uv": [5, 0, 11, 3], "texture": "#base"},
				"east": {"uv": [4, 0, 12, 3], "texture": "#base"},
				"south": {"uv": [5, 0, 11, 3], "texture": "#base"},
				"west": {"uv": [4, 0, 12, 3], "texture": "#base"},
				"up": {"uv": [5, 4, 11, 12], "texture": "#base"},
				"down": {"uv": [5, 4, 11, 12], "texture": "#base", "cullface": "down"}
			}
		},
		{
			"from": [7, 1, 7],
			"to": [9, 11, 9],
			"rotation": {"angle": 45, "axis": "x", "origin": [8, 1, 8]},
			"faces": {
				"north": {"uv": [9, 6, 7, 16], "texture": "#lever"},
				"east": {"uv": [7, 6, 9, 16], "texture": "#lever"},
				"south": {"uv": [9, 6, 7, 16], "texture": "#lever"},
				"west": {"uv": [7, 6, 9, 16], "texture": "#lever"},
				"up": {"uv": [7, 6, 9, 8], "texture": "#lever"}
			}
		},
		{
			"from": [4, 0.01, 3],
			"to": [12, 0.01, 13],
			"rotation": {"angle": 0, "axis": "y", "origin": [10, 0, 3]},
			"faces": {
				"up": {"uv": [4, 3, 12, 13], "texture": "#outline"},
				"down": {"uv": [4, 3, 12, 13], "texture": "#outline"}
			}
		},
		{
			"from": [7, 3.01, 6],
			"to": [9, 3.01, 10],
			"rotation": {"angle": 0, "axis": "y", "origin": [10, 3, 3]},
			"faces": {
				"up": {"uv": [7, 6, 9, 10], "texture": "#outline"}
			}
		}
	]
}