{
	"credit": "Made with Blockbench",
	"textures": {
		"base": "block/brewing_stand_base",
		"particle": "block/brewing_stand",
		"stand": "block/brewing_stand",
    "1": "block/05m_brewing_stand"
	},
	"elements": [
		{
			"name": "shelf_3",
			"from": [5.15, 13, 11.1],
			"to": [6.15, 16, 12.1],
			"rotation": {"angle": -45, "axis": "y", "origin": [5.65, 9.5, 10.85]},
			"faces": {
				"north": {"uv": [9, 11, 10, 14], "texture": "#1"},
				"east": {"uv": [3, 0, 4, 3], "texture": "#stand"},
				"south": {"uv": [9, 11, 10, 14], "texture": "#1"},
				"west": {"uv": [3, 0, 4, 3], "texture": "#stand"},
				"up": {"uv": [9, 9, 10, 10], "rotation": 90, "texture": "#1"},
				"down": {"uv": [9, 15, 10, 16], "rotation": 270, "texture": "#1"}
			}
		},
		{
			"name": "shelf_2",
			"from": [5.15, 12, 10.1],
			"to": [6.15, 15, 11.1],
			"rotation": {"angle": -45, "axis": "y", "origin": [5.65, 9.5, 10.85]},
			"faces": {
				"north": {"uv": [11, 11, 12, 14], "texture": "#1"},
				"east": {"uv": [4, 1, 5, 4], "texture": "#stand"},
				"south": {"uv": [11, 11, 12, 14], "texture": "#1"},
				"west": {"uv": [4, 1, 5, 4], "texture": "#stand"},
				"up": {"uv": [11, 9, 12, 10], "rotation": 90, "texture": "#1"},
				"down": {"uv": [11, 15, 12, 16], "rotation": 270, "texture": "#1"}
			}
		},
		{
			"name": "shelf_1",
			"from": [5.15, 3, 8.1],
			"to": [6.15, 14, 10.1],
			"rotation": {"angle": -45, "axis": "y", "origin": [5.65, 9.5, 10.85]},
			"faces": {
				"north": {"uv": [15, 3, 16, 14], "texture": "#1"},
				"east": {"uv": [5, 2, 7, 13], "texture": "#stand"},
				"south": {"uv": [13, 3, 14, 14], "texture": "#1"},
				"west": {"uv": [5, 2, 7, 13], "texture": "#stand"},
				"up": {"uv": [13, 1, 15, 2], "rotation": 90, "texture": "#1"},
				"down": {"uv": [13, 15, 15, 16], "rotation": 270, "texture": "#1"}
			}
		},
		{
			"name": "tube_3",
			"from": [5.15, 11, 12.1],
			"to": [6.15, 13, 13.1],
			"rotation": {"angle": -45, "axis": "y", "origin": [5.65, 9.5, 10.85]},
			"faces": {
				"north": {"uv": [9, 3, 10, 5], "texture": "#1"},
				"east": {"uv": [2, 3, 3, 5], "texture": "#stand"},
				"south": {"uv": [9, 3, 10, 5], "texture": "#1"},
				"west": {"uv": [2, 3, 3, 5], "texture": "#stand"},
				"up": {"uv": [9, 1, 10, 2], "rotation": 90, "texture": "#1"},
				"down": {"uv": [9, 6, 10, 7], "rotation": 270, "texture": "#1"}
			}
		},
		{
			"name": "tube_2",
			"from": [5.15, 10, 11.1],
			"to": [6.15, 12, 12.1],
			"rotation": {"angle": -45, "axis": "y", "origin": [5.65, 9.5, 10.85]},
			"faces": {
				"north": {"uv": [11, 3, 12, 5], "texture": "#1"},
				"east": {"uv": [3, 4, 4, 6], "texture": "#stand"},
				"south": {"uv": [11, 3, 12, 5], "texture": "#1"},
				"west": {"uv": [3, 4, 4, 6], "texture": "#stand"},
				"up": {"uv": [11, 1, 12, 2], "rotation": 90, "texture": "#1"},
				"down": {"uv": [11, 6, 12, 7], "rotation": 270, "texture": "#1"}
			}
		},
		{
			"name": "tube_1",
			"from": [5.15, 9, 12.1],
			"to": [6.15, 10, 13.1],
			"rotation": {"angle": -45, "axis": "y", "origin": [5.65, 9.5, 10.85]},
			"faces": {
				"north": {"uv": [1, 1, 2, 2], "texture": "#1"},
				"east": {"uv": [2, 6, 3, 7], "texture": "#stand"},
				"south": {"uv": [1, 1, 2, 2], "texture": "#1"},
				"west": {"uv": [2, 6, 3, 7], "texture": "#stand"},
				"up": {"uv": [1, 1, 2, 2], "rotation": 90, "texture": "#1"}
			}
		},
		{
			"name": "bottle_2",
			"from": [5.15, 2, 11.1],
			"to": [6.15, 9, 14.1],
			"rotation": {"angle": -45, "axis": "y", "origin": [5.65, 9.5, 10.85]},
			"faces": {
				"north": {"uv": [5, 3, 6, 10], "texture": "#1"},
				"east": {"uv": [1, 7, 4, 14], "texture": "#stand"},
				"south": {"uv": [3, 3, 4, 10], "texture": "#1"},
				"west": {"uv": [1, 7, 4, 14], "texture": "#stand"},
				"up": {"uv": [3, 1, 6, 2], "rotation": 90, "texture": "#1"},
				"down": {"uv": [3, 11, 6, 12], "rotation": 270, "texture": "#1"}
			}
		},
		{
			"name": "bottle_1",
			"from": [5.15, 3, 10.1],
			"to": [6.15, 6, 15.1],
			"rotation": {"angle": -45, "axis": "y", "origin": [5.65, 9.5, 10.85]},
			"faces": {
				"north": {"uv": [7, 6, 8, 9], "texture": "#1"},
				"east": {"uv": [0, 10, 5, 13], "texture": "#stand"},
				"south": {"uv": [1, 6, 2, 9], "texture": "#1"},
				"west": {"uv": [0, 10, 5, 13], "texture": "#stand"},
				"up": {"uv": [1, 13, 6, 14], "rotation": 90, "texture": "#1"},
				"down": {"uv": [1, 15, 6, 16], "rotation": 270, "texture": "#1"}
			}
		},
		{
			"name": "shelf_3",
			"from": [5.15, 13, 3.9],
			"to": [6.15, 16, 4.9],
			"rotation": {"angle": 45, "axis": "y", "origin": [5.65, 9.5, 5.15]},
			"faces": {
				"north": {"uv": [9, 11, 10, 14], "texture": "#1"},
				"east": {"uv": [3, 0, 4, 3], "texture": "#stand"},
				"south": {"uv": [9, 11, 10, 14], "texture": "#1"},
				"west": {"uv": [3, 0, 4, 3], "texture": "#stand"},
				"up": {"uv": [9, 9, 10, 10], "rotation": 270, "texture": "#1"},
				"down": {"uv": [9, 15, 10, 16], "rotation": 90, "texture": "#1"}
			}
		},
		{
			"name": "shelf_2",
			"from": [5.15, 12, 4.9],
			"to": [6.15, 15, 5.9],
			"rotation": {"angle": 45, "axis": "y", "origin": [5.65, 9.5, 5.15]},
			"faces": {
				"north": {"uv": [11, 11, 12, 14], "texture": "#1"},
				"east": {"uv": [4, 1, 5, 4], "texture": "#stand"},
				"south": {"uv": [11, 11, 12, 14], "texture": "#1"},
				"west": {"uv": [4, 1, 5, 4], "texture": "#stand"},
				"up": {"uv": [11, 9, 12, 10], "rotation": 270, "texture": "#1"},
				"down": {"uv": [11, 15, 12, 16], "rotation": 90, "texture": "#1"}
			}
		},
		{
			"name": "shelf_1",
			"from": [5.15, 3, 5.9],
			"to": [6.15, 14, 7.9],
			"rotation": {"angle": 45, "axis": "y", "origin": [5.65, 9.5, 5.15]},
			"faces": {
				"north": {"uv": [13, 3, 14, 14], "texture": "#1"},
				"east": {"uv": [5, 2, 7, 13], "texture": "#stand"},
				"south": {"uv": [15, 3, 16, 14], "texture": "#1"},
				"west": {"uv": [5, 2, 7, 13], "texture": "#stand"},
				"up": {"uv": [13, 1, 15, 2], "rotation": 270, "texture": "#1"},
				"down": {"uv": [13, 15, 15, 16], "rotation": 90, "texture": "#1"}
			}
		},
		{
			"name": "tube_3",
			"from": [5.15, 11, 2.9],
			"to": [6.15, 13, 3.9],
			"rotation": {"angle": 45, "axis": "y", "origin": [5.65, 9.5, 5.15]},
			"faces": {
				"north": {"uv": [9, 3, 10, 5], "texture": "#1"},
				"east": {"uv": [2, 3, 3, 5], "texture": "#stand"},
				"south": {"uv": [9, 3, 10, 5], "texture": "#1"},
				"west": {"uv": [2, 3, 3, 5], "texture": "#stand"},
				"up": {"uv": [9, 1, 10, 2], "rotation": 270, "texture": "#1"},
				"down": {"uv": [9, 6, 10, 7], "rotation": 90, "texture": "#1"}
			}
		},
		{
			"name": "tube_2",
			"from": [5.15, 10, 3.9],
			"to": [6.15, 12, 4.9],
			"rotation": {"angle": 45, "axis": "y", "origin": [5.65, 9.5, 5.15]},
			"faces": {
				"north": {"uv": [11, 3, 12, 5], "texture": "#1"},
				"east": {"uv": [3, 4, 4, 6], "texture": "#stand"},
				"south": {"uv": [11, 3, 12, 5], "texture": "#1"},
				"west": {"uv": [3, 4, 4, 6], "texture": "#stand"},
				"up": {"uv": [11, 1, 12, 2], "rotation": 270, "texture": "#1"},
				"down": {"uv": [11, 6, 12, 7], "rotation": 90, "texture": "#1"}
			}
		},
		{
			"name": "tube_1",
			"from": [5.15, 9, 2.9],
			"to": [6.15, 10, 3.9],
			"rotation": {"angle": 45, "axis": "y", "origin": [5.65, 9.5, 5.15]},
			"faces": {
				"north": {"uv": [1, 1, 2, 2], "texture": "#1"},
				"east": {"uv": [2, 6, 3, 7], "texture": "#stand"},
				"south": {"uv": [1, 1, 2, 2], "texture": "#1"},
				"west": {"uv": [2, 6, 3, 7], "texture": "#stand"},
				"up": {"uv": [1, 1, 2, 2], "rotation": 270, "texture": "#1"}
			}
		},
		{
			"name": "bottle_2",
			"from": [5.15, 2, 1.9],
			"to": [6.15, 9, 4.9],
			"rotation": {"angle": 45, "axis": "y", "origin": [5.65, 9.5, 5.15]},
			"faces": {
				"north": {"uv": [3, 3, 4, 10], "texture": "#1"},
				"east": {"uv": [1, 7, 4, 14], "texture": "#stand"},
				"south": {"uv": [5, 3, 6, 10], "texture": "#1"},
				"west": {"uv": [1, 7, 4, 14], "texture": "#stand"},
				"up": {"uv": [3, 1, 6, 2], "rotation": 270, "texture": "#1"},
				"down": {"uv": [3, 11, 6, 12], "rotation": 90, "texture": "#1"}
			}
		},
		{
			"name": "bottle_1",
			"from": [5.15, 3, 0.9],
			"to": [6.15, 6, 5.9],
			"rotation": {"angle": 45, "axis": "y", "origin": [5.65, 9.5, 5.15]},
			"faces": {
				"north": {"uv": [1, 6, 2, 9], "texture": "#1"},
				"east": {"uv": [0, 10, 5, 13], "texture": "#stand"},
				"south": {"uv": [7, 6, 8, 9], "texture": "#1"},
				"west": {"uv": [0, 10, 5, 13], "texture": "#stand"},
				"up": {"uv": [1, 13, 6, 14], "rotation": 270, "texture": "#1"},
				"down": {"uv": [1, 15, 6, 16], "rotation": 90, "texture": "#1"}
			}
		},
    {
			"name": "shelf_3",
			"from": [12, 13, 7.5],
			"to": [13, 16, 8.5],
			"rotation": {"angle": 0, "axis": "y", "origin": [12, 13, 7.5]},
			"faces": {
				"north": {"uv": [3, 0, 4, 3], "texture": "#stand"},
				"east": {"uv": [9, 11, 10, 14], "texture": "#1"},
				"south": {"uv": [3, 0, 4, 3], "texture": "#stand"},
				"west": {"uv": [9, 11, 10, 14], "texture": "#1"},
				"up": {"uv": [9, 9, 10, 10], "texture": "#1"},
				"down": {"uv": [9, 15, 10, 16], "texture": "#1"}
			}
		},
		{
			"name": "shelf_2",
			"from": [11, 12, 7.5],
			"to": [12, 15, 8.5],
			"rotation": {"angle": 0, "axis": "y", "origin": [11, 12, 7.5]},
			"faces": {
				"north": {"uv": [4, 1, 5, 4], "texture": "#stand"},
				"east": {"uv": [11, 11, 12, 14], "texture": "#1"},
				"south": {"uv": [4, 1, 5, 4], "texture": "#stand"},
				"west": {"uv": [11, 11, 12, 14], "texture": "#1"},
				"up": {"uv": [11, 9, 12, 10], "texture": "#1"},
				"down": {"uv": [11, 15, 12, 16], "texture": "#1"}
			}
		},
		{
			"name": "shelf_1",
			"from": [9, 3, 7.5],
			"to": [11, 14, 8.5],
			"rotation": {"angle": 0, "axis": "y", "origin": [9, 3, 7.5]},
			"faces": {
				"north": {"uv": [5, 2, 7, 13], "texture": "#stand"},
				"east": {"uv": [13, 3, 14, 14], "texture": "#1"},
				"south": {"uv": [5, 2, 7, 13], "texture": "#stand"},
				"west": {"uv": [15, 3, 16, 14], "texture": "#1"},
				"up": {"uv": [13, 1, 15, 2], "texture": "#1"},
				"down": {"uv": [13, 15, 15, 16], "texture": "#1"}
			}
		},
		{
			"name": "tube_3",
			"from": [13, 11, 7.5],
			"to": [14, 13, 8.5],
			"rotation": {"angle": 0, "axis": "y", "origin": [13, 11, 7.5]},
			"faces": {
				"north": {"uv": [2, 3, 3, 5], "texture": "#stand"},
				"east": {"uv": [9, 3, 10, 5], "texture": "#1"},
				"south": {"uv": [2, 3, 3, 5], "texture": "#stand"},
				"west": {"uv": [9, 3, 10, 5], "texture": "#1"},
				"up": {"uv": [9, 1, 10, 2], "texture": "#1"},
				"down": {"uv": [9, 6, 10, 7], "texture": "#1"}
			}
		},
		{
			"name": "tube_2",
			"from": [12, 10, 7.5],
			"to": [13, 12, 8.5],
			"rotation": {"angle": 0, "axis": "y", "origin": [12, 10, 7.5]},
			"faces": {
				"north": {"uv": [3, 4, 4, 6], "texture": "#stand"},
				"east": {"uv": [11, 3, 12, 5], "texture": "#1"},
				"south": {"uv": [3, 4, 4, 6], "texture": "#stand"},
				"west": {"uv": [11, 3, 12, 5], "texture": "#1"},
				"up": {"uv": [11, 1, 12, 2], "texture": "#1"},
				"down": {"uv": [11, 6, 12, 7], "texture": "#1"}
			}
		},
		{
			"name": "tube_1",
			"from": [13, 9, 7.5],
			"to": [14, 10, 8.5],
			"rotation": {"angle": 0, "axis": "y", "origin": [12, 9, 7.5]},
			"faces": {
				"north": {"uv": [2, 6, 3, 7], "texture": "#stand"},
				"east": {"uv": [1, 1, 2, 2], "texture": "#1"},
				"south": {"uv": [2, 6, 3, 7], "texture": "#stand"},
				"west": {"uv": [1, 1, 2, 2], "texture": "#1"},
				"up": {"uv": [1, 1, 2, 2], "texture": "#1"}
			}
		},
		{
			"name": "bottle_2",
			"from": [12, 2, 7.5],
			"to": [15, 9, 8.5],
			"rotation": {"angle": 0, "axis": "y", "origin": [13, 2, 7.5]},
			"faces": {
				"north": {"uv": [1, 7, 4, 14], "texture": "#stand"},
				"east": {"uv": [3, 3, 4, 10], "texture": "#1"},
				"south": {"uv": [1, 7, 4, 14], "texture": "#stand"},
				"west": {"uv": [5, 3, 6, 10], "texture": "#1"},
				"up": {"uv": [3, 1, 6, 2], "texture": "#1"},
				"down": {"uv": [3, 11, 6, 12], "texture": "#1"}
			}
		},
		{
			"name": "bottle_1",
			"from": [11, 3, 7.5],
			"to": [16, 6, 8.5],
			"rotation": {"angle": 0, "axis": "y", "origin": [14, 4, 6.5]},
			"faces": {
				"north": {"uv": [0, 10, 5, 13], "texture": "#stand"},
				"east": {"uv": [1, 6, 2, 9], "texture": "#1"},
				"south": {"uv": [0, 10, 5, 13], "texture": "#stand"},
				"west": {"uv": [7, 6, 8, 9], "texture": "#1"},
				"up": {"uv": [1, 13, 6, 14], "texture": "#1"},
				"down": {"uv": [1, 15, 6, 16], "texture": "#1"}
			}
		},
		{
			"from": [7, 0, 7],
			"to": [9, 14.01, 9],
			"faces": {
				"north": {"uv": [7, 2, 9, 16], "texture": "#stand"},
				"east": {"uv": [7, 2, 9, 16], "texture": "#stand"},
				"south": {"uv": [7, 2, 9, 16], "texture": "#stand"},
				"west": {"uv": [7, 2, 9, 16], "texture": "#stand"},
				"up": {"uv": [7, 7, 9, 9], "texture": "#stand"},
				"down": {"uv": [7, 7, 9, 9], "texture": "#stand"}
			}
		},
		{
			"from": [9, 0, 5],
			"to": [15, 2, 11],
			"faces": {
				"north": {"uv": [9, 14, 15, 16], "texture": "#base"},
				"east": {"uv": [5, 14, 11, 16], "texture": "#base"},
				"south": {"uv": [9, 14, 15, 16], "texture": "#base"},
				"west": {"uv": [5, 14, 11, 16], "texture": "#base"},
				"up": {"uv": [9, 5, 15, 11], "texture": "#base"},
				"down": {"uv": [9, 5, 15, 11], "texture": "#base", "cullface": "down"}
			}
		},
		{
			"from": [1, 0, 1],
			"to": [7, 2, 7],
			"faces": {
				"north": {"uv": [1, 14, 7, 16], "texture": "#base"},
				"east": {"uv": [1, 14, 7, 16], "texture": "#base"},
				"south": {"uv": [1, 14, 7, 16], "texture": "#base"},
				"west": {"uv": [1, 14, 7, 16], "texture": "#base"},
				"up": {"uv": [1, 1, 7, 7], "texture": "#base"},
				"down": {"uv": [1, 1, 7, 7], "texture": "#base", "cullface": "down"}
			}
		},
		{
			"from": [1, 0, 9],
			"to": [7, 2, 15],
			"faces": {
				"north": {"uv": [1, 14, 7, 16], "texture": "#base"},
				"east": {"uv": [9, 14, 15, 16], "texture": "#base"},
				"south": {"uv": [1, 14, 7, 16], "texture": "#base"},
				"west": {"uv": [9, 14, 15, 16], "texture": "#base"},
				"up": {"uv": [1, 9, 7, 15], "texture": "#base"},
				"down": {"uv": [1, 9, 7, 15], "texture": "#base", "cullface": "down"}
			}
		}
	],
  "gui_light": "side",
  "display": {
      "gui": {
          "rotation": [ 30, 45, 0 ],
          "translation": [ 0, 1.5, 0],
          "scale":[ 0.75, 0.75, 0.75 ]
      },
      "ground": {
          "rotation": [ 0, 0, 0 ],
          "translation": [ 0, 3, 0],
          "scale":[ 0.3, 0.3, 0.3 ]
      },
      "fixed": {
          "rotation": [ 0, 0, 0 ],
          "translation": [ 0, 1, 0],
          "scale":[ 0.75, 0.75, 0.75 ]
      },
      "thirdperson_righthand": {
          "rotation": [ 75, 45, 0 ],
          "translation": [ 0, 2, 0],
          "scale": [ 0.375, 0.375, 0.375 ]
      },
      "firstperson_righthand": {
          "rotation": [ 0, 45, 0 ],
          "translation": [ 0, 1, 0 ],
          "scale": [ 0.50, 0.50, 0.50 ]
      },
      "firstperson_lefthand": {
          "rotation": [ 0, 225, 0 ],
          "translation": [ 0, 1, 0 ],
          "scale": [ 0.50, 0.50, 0.50 ]
      }
  }
}