{
	"credit": "Made with Blockbench",
	"ambientocclusion": false,
	"textures": {
		"0": "block/05m_ladder_front",
		"1": "block/05m_ladder_back",
		"particle": "block/05m_ladder_front"
	},
	"elements": [
		{
			"name": "stick_left",
			"from": [2, 0, 6],
			"to": [4, 16, 8],
			"rotation": {"angle": 0, "axis": "y", "origin": [8, 8, 7.5]},
			"faces": {
				"north": {"uv": [2, 0, 4, 16], "rotation": 180, "texture": "#1"},
				"east": {"uv": [2, 0, 4, 16], "texture": "#1"},
				"south": {"uv": [12, 0, 14, 16], "texture": "#1"},
				"west": {"uv": [2, 0, 4, 16], "texture": "#1"},
				"up": {"uv": [5, 4, 7, 6], "texture": "#1", "cullface": "up"},
				"down": {"uv": [9, 10, 11, 12], "rotation": 180, "texture": "#1", "cullface": "down"}
			}
		},
		{
			"name": "stick_right",
			"from": [12, 0, 6],
			"to": [14, 16, 8],
			"rotation": {"angle": 0, "axis": "y", "origin": [8, 8, 7.5]},
			"faces": {
				"north": {"uv": [12, 0, 14, 16], "rotation": 180, "texture": "#1"},
				"east": {"uv": [12, 0, 14, 16], "texture": "#1"},
				"south": {"uv": [2, 0, 4, 16], "texture": "#1"},
				"west": {"uv": [12, 0, 14, 16], "texture": "#1"},
				"up": {"uv": [9, 4, 11, 6], "texture": "#1", "cullface": "up"},
				"down": {"uv": [5, 10, 7, 12], "rotation": 180, "texture": "#1", "cullface": "down"}
			}
		},
		{
			"name": "stick_1",
			"from": [1, 1, 7],
			"to": [15, 3, 9],
			"rotation": {"angle": 0, "axis": "y", "origin": [8, 8, 7.5]},
			"faces": {
				"north": {"uv": [1, 1, 15, 3], "rotation": 180, "texture": "#0", "cullface": "south"},
				"east": {"uv": [9, 7, 11, 9], "rotation": 90, "texture": "#1"},
				"south": {"uv": [1, 13, 15, 15], "texture": "#0"},
				"west": {"uv": [5, 4, 7, 6], "rotation": 270, "texture": "#1"},
				"up": {"uv": [1, 9, 15, 11], "rotation": 180, "texture": "#0"},
				"down": {"uv": [1, 5, 15, 7], "rotation": 180, "texture": "#0"}
			}
		},
		{
			"name": "stick_2",
			"from": [1, 5, 7],
			"to": [15, 7, 9],
			"rotation": {"angle": 0, "axis": "y", "origin": [8, 8, 7.5]},
			"faces": {
				"north": {"uv": [1, 5, 15, 7], "rotation": 180, "texture": "#0", "cullface": "south"},
				"east": {"uv": [9, 10, 11, 12], "rotation": 90, "texture": "#1"},
				"south": {"uv": [1, 9, 15, 11], "texture": "#0"},
				"west": {"uv": [5, 7, 7, 9], "rotation": 270, "texture": "#1"},
				"up": {"uv": [1, 1, 15, 3], "rotation": 180, "texture": "#0"},
				"down": {"uv": [1, 13, 15, 15], "rotation": 180, "texture": "#0"}
			}
		},
		{
			"name": "stick_3",
			"from": [1, 9, 7],
			"to": [15, 11, 9],
			"rotation": {"angle": 0, "axis": "y", "origin": [8, 8, 7.5]},
			"faces": {
				"north": {"uv": [1, 9, 15, 11], "rotation": 180, "texture": "#0", "cullface": "south"},
				"east": {"uv": [9, 7, 11, 9], "rotation": 90, "texture": "#1"},
				"south": {"uv": [1, 5, 15, 7], "texture": "#0"},
				"west": {"uv": [5, 10, 7, 12], "rotation": 270, "texture": "#1"},
				"up": {"uv": [1, 13, 15, 15], "rotation": 180, "texture": "#0"},
				"down": {"uv": [1, 1, 15, 3], "rotation": 180, "texture": "#0"}
			}
		},
		{
			"name": "stick_4",
			"from": [1, 13, 7],
			"to": [15, 15, 9],
			"rotation": {"angle": 0, "axis": "y", "origin": [8, 8, 7.5]},
			"faces": {
				"north": {"uv": [1, 13, 15, 15], "rotation": 180, "texture": "#0", "cullface": "south"},
				"east": {"uv": [9, 4, 11, 6], "rotation": 90, "texture": "#1"},
				"south": {"uv": [1, 1, 15, 3], "texture": "#0"},
				"west": {"uv": [5, 4, 7, 6], "rotation": 270, "texture": "#1"},
				"up": {"uv": [1, 5, 15, 7], "rotation": 180, "texture": "#0"},
				"down": {"uv": [1, 9, 15, 11], "rotation": 180, "texture": "#0"}
			}
		}
	],
	"gui_light": "front",
	"display": {
		"thirdperson_righthand": {
			"translation": [0, 3, 1],
			"scale": [0.55, 0.55, 0.55]
		},
		"firstperson_righthand": {
			"rotation": [0, -90, 25],
			"translation": [1.13, 3.2, 1.13],
			"scale": [0.68, 0.68, 0.68]
		},
		"ground": {
			"translation": [0, 2, 0],
			"scale": [0.5, 0.5, 0.5]
		},
		"head": {
			"rotation": [0, 180, 0],
			"translation": [0, 13, 7]
		},
		"fixed": {
			"rotation": [0, 180, 0]
		}
	}
}