{
  "parent": "minecraft:block/05m_lantern_lantern",
  "gui_light": "front",
  "display": {
      "gui": {
          "rotation": [ 0, 0, 0 ],
          "translation": [ 0, 3, 0],
          "scale":[ 1, 1, 1 ]
      },
      "ground": {
          "rotation": [ 0, 0, 0 ],
          "translation": [ 0, 5, 0],
          "scale":[ 0.5, 0.5, 0.5 ]
      },
      "fixed": {
          "rotation": [ 0, 0, 0 ],
          "translation": [ 0, 2, -0.5],
          "scale":[ 0.75, 0.75, 0.75 ]
      },
      "thirdperson_righthand": {
          "rotation": [ 75, 45, 0 ],
          "translation": [ 0, 1, 0],
          "scale": [ 0.5, 0.5, 0.5 ]
      },
      "firstperson_righthand": {
          "rotation": [ 0, 45, 0 ],
          "translation": [ 0, 3, 0 ],
          "scale": [ 0.40, 0.40, 0.40 ]
      },
      "firstperson_lefthand": {
          "rotation": [ 0, 225, 0 ],
          "translation": [ 0, 3, 0 ],
          "scale": [ 0.40, 0.40, 0.40 ]
      }
  }
}